project_name,sector_type,country,installed_capacity_mw,operational_status,owner,equity_stake_owner,equity_stake_operator,country_of_company_hq,company_type,company_type_for_label,is_operator,lender_type,substances,deal_type,parent_org,pid
ambrosia,hydropower,bolivia,84.9,permitting,empresa_electrica_corani,1.0,1.0,bolivia,soe,stateowned_enterprise,yes,multilateral_development_bank,nan,greenfield,ende,fggvax
banda_azul,hydropower,bolivia,146.0,permitting,empresa_electrica_corani,1.0,1.0,bolivia,soe,stateowned_enterprise,yes,foreign_development_bankfund,nan,greenfield,ende,vzfxiu
chojlla,hydropower,bolivia,37.0,in_operation,hidroelectrica_boliviana,1.0,1.0,bolivia,local_power_company,local_power_company,yes,nan,nan,greenfield,hidroelectrica_boliviana,qoh83p
corani,hydropower,bolivia,54.0,in_operation,empresa_electrica_corani,1.0,1.0,bolivia,soe,stateowned_enterprise,yes,multilateral_development_bank,nan,greenfield,ende,czigac
ivirizu,hydropower,bolivia,279.8,under_construction,ende_valle_hermoso,1.0,0.0,bolivia,soe,stateowned_enterprise,no,nan,nan,greenfield,ende,oxsccr
misicuni,hydropower,bolivia,185.5,in_operation,empresa_nacional_de_electricidad_ende,0.5,1.0,bolivia,soe,stateowned_enterprise,yes,multilateral_development_bank_multilateral_development_bank,nan,greenfield,ende,7h6k1r
palillada,hydropower,bolivia,118.0,under_construction,empresa_electrica_corani,1.0,1.0,bolivia,soe,stateowned_enterprise,yes,nan,nan,greenfield,ende,h1ao9s
san_jose_cora,hydropower,bolivia,124.0,in_operation,empresa_electrica_corani,1.0,1.0,bolivia,soe,stateowned_enterprise,yes,multilateral_development_bank,nan,greenfield,ende,lpkt6z
santa_isabel_corani,hydropower,bolivia,93.4,in_operation,empresa_electrica_corani,1.0,1.0,bolivia,soe,stateowned_enterprise,yes,multilateral_development_bank,nan,greenfield,ende,tgbkrv
umapalca,hydropower,bolivia,85.0,under_construction,empresa_electrica_corani,1.0,1.0,bolivia,soe,stateowned_enterprise,yes,nan,nan,greenfield,ende,2kmyw2
yanacachi_norte,hydropower,bolivia,51.0,in_operation,hidroelectrica_boliviana,1.0,1.0,bolivia,local_power_company,local_power_company,yes,nan,nan,greenfield,hidroelectrica_boliviana,2iunip
balbina,hydropower,brazil,250.0,in_operation,amazonas_geracao_e_transmissao_de_energia,1.0,1.0,brazil,soe,stateowned_enterprise,yes,nan,nan,greenfield,amazonas_geracao_e_transmissao_de_energia,d3pgjn
belo_horizonte,hydropower,peru,185.1,under_construction,odebrecht_energia_sa,1.0,1.0,brazil,other,other,yes,nan,nan,full_asset_transaction,odebrecht,3jmpvi
belo_monte,hydropower,brazil,11233.0,in_operation,amazonia_energia_sa,0.09,0.09,brazil,local_power_company,local_power_company,yes,investment_bank_commercial_bank_domestic_development_bankfund,nan,partial_change_in_equity,amazonia_energia,twxg3f
belo_monte,hydropower,brazil,11233.0,in_operation,centrais_eletricas_brasileiras_eletrobras,0.5,0.5,brazil,soe,stateowned_enterprise,yes,investment_bank_commercial_bank_domestic_development_bankfund,nan,partial_change_in_equity,eletrobras,j2gwu6
belo_monte,hydropower,brazil,11233.0,in_operation,entidades_de_previdencia_complementar,0.2,0.2,brazil,soe,stateowned_enterprise,yes,investment_bank_commercial_bank_domestic_development_bankfund,nan,partial_change_in_equity,entidades_de_previdencia_complementar,igvimr
belo_monte,hydropower,brazil,11233.0,in_operation,jmalucelli_energia,0.025,0.025,brazil,other,other,yes,investment_bank_commercial_bank_domestic_development_bankfund,nan,partial_change_in_equity,jmalucelli_energia,rsmf23
belo_monte,hydropower,brazil,11233.0,in_operation,vale_e_cemig,0.09,0.09,brazil,other,other,yes,investment_bank_commercial_bank_domestic_development_bankfund,nan,partial_change_in_equity,vale,fyozgy
colider,hydropower,brazil,300.0,in_operation,companhia_paranaense_de_energia_sa,1.0,1.0,brazil,soe,stateowned_enterprise,yes,domestic_development_bankfund,nan,greenfield,companhia_paranaense_de_energia_sa,wael65
curuauna,hydropower,brazil,30.3,in_operation,centrais_eletricas_do_norte_do_brasil_eletrobas_eletronorte,1.0,1.0,brazil,soe,stateowned_enterprise,yes,nan,nan,greenfield,eletrobras,rzn7wv
dardanelos,hydropower,brazil,261.0,in_operation,centrais_eletricas_do_norte_do_brasil_eletrobas_eletronorte,0.245,0.245,brazil,soe,stateowned_enterprise,yes,domestic_development_bankfund,nan,greenfield,eletrobras,kol3s6
dardanelos,hydropower,brazil,261.0,in_operation,companhia_hidroeletrica_do_sao_francisco,0.245,0.245,brazil,soe,stateowned_enterprise,yes,domestic_development_bankfund,nan,greenfield,companhia_hidroeletrica_do_sao_francisco,hmgw0v
guapore,hydropower,brazil,124.2,in_operation,mineracao_santa_elina_industria_e_comercio,0.36,0.0,brazil,other,other,no,nan,nan,mergeracquisition,mineracao_santa_elina_industria_e_comercio,kgm9jx
jauru,hydropower,brazil,121.5,in_operation,cinco_estrelas_agropecuaria_e_participacoes,0.1,0.1,brazil,local_power_company,local_power_company,yes,domestic_development_bankfund,nan,greenfield,cinco_estrelas_agropecuaria_e_participacoes,2ip3ai
jauru,hydropower,brazil,121.5,in_operation,queiroz_galvao_energetica,0.9,0.9,brazil,local_power_company,local_power_company,yes,domestic_development_bankfund,nan,greenfield,queiroz_galvao_energetica,0rrckr
jirau,hydropower,brazil,3750.0,in_operation,companhia_hidreletrica_do_sao_francisco,0.2,0.2,brazil,soe,stateowned_enterprise,yes,domestic_development_bankfund_commercial_bank_commercial_bank_commercial_bank_commercial_bank_commercial_bank,nan,partial_change_in_equity,companhia_hidroeletrica_do_sao_francisco,nnsnto
jirau,hydropower,brazil,3750.0,in_operation,eletrosul_centrais_eletricas_eletrosul,0.2,0.2,brazil,soe,stateowned_enterprise,yes,domestic_development_bankfund_commercial_bank_commercial_bank_commercial_bank_commercial_bank_commercial_bank,nan,partial_change_in_equity,eletrosul,xxqbeb
juba,hydropower,brazil,84.0,in_operation,itamarati_norte,1.0,1.0,brazil,other,other,yes,nan,nan,greenfield,itamarati_norte,cwvkdc
samuel,hydropower,brazil,216.0,in_operation,centrais_eletricas_do_norte_do_brasil_eletrobas_eletronorte,1.0,1.0,brazil,soe,stateowned_enterprise,yes,nan,nan,greenfield,eletrobras,f9hxhr
santo_antonio,hydropower,brazil,3568.3,in_operation,caixa_fundo_de_investimentos_em_participacoes_amazonia_energia,0.2,0.2,brazil,other,other,yes,domestic_development_bankfund,nan,greenfield,amazonia_energia,waxu4y
santo_antonio,hydropower,brazil,3568.3,in_operation,cemig_geracao_e_transmissao,0.2,0.2,brazil,soe,stateowned_enterprise,yes,domestic_development_bankfund,nan,greenfield,cemig_geracao_e_transmissao,g7tow2
santo_antonio,hydropower,brazil,3568.3,in_operation,furnas_centrais_eletricas_eletrobras_furnas,0.2,0.2,brazil,soe,stateowned_enterprise,yes,domestic_development_bankfund,nan,greenfield,eletrobras,2rhewm
santo_antonio,hydropower,brazil,3568.3,in_operation,odebrecht_energia_do_brasil,0.2,0.2,brazil,other,other,yes,domestic_development_bankfund,nan,greenfield,odebrecht,ndhgvk
santo_antonio,hydropower,brazil,3568.3,in_operation,saag_investimentos,0.2,0.2,brazil,other,other,yes,domestic_development_bankfund,nan,greenfield,saag_investimentos,mz9jcy
sao_manoel,hydropower,brazil,700.0,in_operation,furnas_centrais_eletricas_eletrobras_furnas,0.33,0.33,brazil,soe,stateowned_enterprise,yes,domestic_development_bankfund,nan,partial_change_in_equity,eletrobras,fo0sxr
teles_pires,hydropower,brazil,1820.0,in_operation,eletrosul_centrais_eletricas_eletrosul,0.245,0.245,brazil,soe,stateowned_enterprise,yes,domestic_development_bankfund,nan,greenfield,eletrosul,eurvc1
teles_pires,hydropower,brazil,1820.0,in_operation,furnas_centrais_eletricas_eletrobras_furnas,0.245,0.245,brazil,soe,stateowned_enterprise,yes,domestic_development_bankfund,nan,greenfield,eletrobras,cged4i
teles_pires,hydropower,brazil,1820.0,in_operation,odebrecht,0.009,0.009,brazil,other,other,yes,domestic_development_bankfund,nan,greenfield,odebrecht,fnfk9t
tucurui,hydropower,brazil,8535.0,in_operation,centrais_eletricas_do_norte_do_brasil_eletrobas_eletronorte,1.0,1.0,brazil,soe,stateowned_enterprise,yes,domestic_development_bankfund,nan,greenfield,eletrobras,eeneuq
la_virgen,hydropower,peru,86.0,under_construction,alupar_investimento,0.65,0.65,brazil,other,other,yes,multilateral_development_bank_commercial_bank_foreign_development_bankfund,nan,partial_change_in_equity,alupar_investimento,thkijb
sinop,hydropower,brazil,402.0,in_operation,centrais_eletricas_do_norte_do_brasil_eletrobas_eletronorte,0.33,0.0,brazil,soe,stateowned_enterprise,no,domestic_development_bankfund,nan,partial_change_in_equity,eletrobras,sks6z4
sinop,hydropower,brazil,402.0,in_operation,companhia_hidreletrica_do_sao_francisco,0.33,0.0,brazil,soe,stateowned_enterprise,no,domestic_development_bankfund,nan,partial_change_in_equity,companhia_hidroeletrica_do_sao_francisco,q9anwm
guapore,hydropower,brazil,124.2,in_operation,tangara_energia,0.64,1.0,canada,other,other,yes,nan,nan,mergeracquisition,tangara_energia,094kz0
cachoeira_caldeirao,hydropower,brazil,219.0,in_operation,china_three_gorges_corporation,0.5,0.5,china,soe,stateowned_enterprise,yes,nan,nan,partial_change_in_equity,china_three_gorges_corporation,swdesk
chaglla,hydropower,peru,456.0,in_operation,china_three_gorges_corporation,1.0,1.0,china,soe,stateowned_enterprise,yes,commercial_bank_commercial_bank_domestic_development_bankfund_multilateral_development_bank,nan,mergeracquisition,china_three_gorges_corporation,wst70f
ivirizu,hydropower,bolivia,279.8,under_construction,sinohydro_corporation,0.0,1.0,china,soe,stateowned_enterprise,yes,nan,nan,greenfield,sinohydro_corporation,tom8gi
san_gaban_expansion_i_iii_iv,hydropower,peru,611.8,under_construction,hydro_global_peru_ctg_and_edp,0.5,0.5,china,soe,stateowned_enterprise,yes,foreign_development_bankfund_commercial_bank,nan,greenfield,hydro_global_peru_ctg_and_edp,ciaawt
santa_maria,hydropower,peru,750.0,permitting,china_gezhouba_group,0.5,0.5,china,soe,stateowned_enterprise,yes,nan,nan,greenfield,china_gezhouba_group,5pi6nn
santa_teresa_i,hydropower,peru,100.0,in_operation,luz_del_sur,1.0,1.0,china,soe,stateowned_enterprise,yes,nan,nan,mergeracquisition,luz_del_sur,gy7jgx
santo_antonio_do_jari,hydropower,brazil,373.3,in_operation,china_three_gorges_corporation,0.5,0.5,china,soe,stateowned_enterprise,yes,domestic_development_bankfund,nan,partial_change_in_equity,china_three_gorges_corporation,wwz4gu
sao_manoel,hydropower,brazil,700.0,in_operation,china_three_gorges_corporation,0.33,0.33,china,soe,stateowned_enterprise,yes,domestic_development_bankfund,nan,partial_change_in_equity,china_three_gorges_corporation,3mhdqy
gpbi1guayas_bajo_integrado,hydropower,colombia,292.0,permitting,universal_stream,1.0,1.0,colombia,other,other,yes,nan,nan,greenfield,universal_stream,zqb6hq
abanico,hydropower,ecuador,37.62,in_operation,hidroabanico,1.0,1.0,ecuador,local_power_company,local_power_company,yes,nan,nan,greenfield,hidroabanico,tmaqjy
coca_codo_sinclair,hydropower,ecuador,1500.0,in_operation,corporacion_electrica_del_ecuador_celec_ep,1.0,1.0,ecuador,soe,stateowned_enterprise,yes,foreign_development_bankfund,nan,full_asset_transaction,corporacion_electrica_del_ecuador_celec_ep,vsxe4d
delsitanisagua,hydropower,ecuador,115.0,in_operation,corporacion_electrica_del_ecuador_celec_ep,1.0,1.0,ecuador,soe,stateowned_enterprise,yes,foreign_development_bankfund,nan,greenfield,corporacion_electrica_del_ecuador_celec_ep,zmztxg
isimanchi,hydropower,ecuador,51.0,in_operation,empresa_electrica_regional_del_sur,1.0,1.0,ecuador,soe,stateowned_enterprise,yes,nan,nan,greenfield,empresa_electrica_regional_del_sur,defy9g
normandia,hydropower,ecuador,49.6,in_operation,ecuaenergia,0.6,0.6,ecuador,local_power_company,local_power_company,yes,multilateral_development_bank_private_equity_nonbank_financial_institution_foreign_development_bankfund_nonbank_financial_institution_foreign_development_bankfund_foreign_development_bankfund,nan,greenfield,ecuaenergia,rezvd2
normandia,hydropower,ecuador,49.6,in_operation,normantrust_group,0.4,0.4,ecuador,other,other,yes,multilateral_development_bank_private_equity_nonbank_financial_institution_foreign_development_bankfund_nonbank_financial_institution_foreign_development_bankfund_foreign_development_bankfund,nan,greenfield,normantrust_group,cxf9mr
pucara_pisayambo,hydropower,ecuador,73.0,in_operation,corporacion_electrica_del_ecuador_celec_ep,1.0,1.0,ecuador,soe,stateowned_enterprise,yes,nan,nan,greenfield,corporacion_electrica_del_ecuador_celec_ep,gafbrt
pusuno,hydropower,ecuador,39.5,under_construction,elienergy,1.0,1.0,ecuador,local_power_company,local_power_company,yes,nan,nan,greenfield,elienergy,pkatdl
san_bartolo,hydropower,ecuador,49.95,in_operation,hidrosanbartolo_sa,1.0,1.0,ecuador,local_power_company,local_power_company,no_information_available,multilateral_development_bank_multilateral_development_bank_commercial_bank,nan,greenfield,hidrosanbartolo_sa,4sprfi
sinop,hydropower,brazil,402.0,in_operation,edf_norte_fluminense,0.33,1.0,france,international_utility,international_utility,yes,domestic_development_bankfund,nan,partial_change_in_equity,edf,yyoyws
yuncan,hydropower,peru,134.0,in_operation,engie_energia_peru,1.0,1.0,france,international_utility,international_utility,yes,foreign_development_bankfund,nan,greenfield,engie,phdz6w
jirau,hydropower,brazil,3750.0,in_operation,engie,0.4,0.4,france,international_utility,international_utility,yes,domestic_development_bankfund_commercial_bank_commercial_bank_commercial_bank_commercial_bank_commercial_bank,nan,partial_change_in_equity,engie,trvreg
rondon_ii,hydropower,brazil,73.5,in_operation,eletrogoes_sa,1.0,1.0,germany,other,other,yes,nan,nan,greenfield,eletrogoes_sa,opmlpf
chimay,hydropower,peru,153.0,in_operation,chinango_sac,1.0,1.0,italy,international_utility,international_utility,yes,nan,nan,greenfield,chinango_sac,dacnuj
curibamba,hydropower,peru,194.0,under_construction,enel_generacion_piura,1.0,1.0,italy,international_utility,international_utility,yes,nan,nan,greenfield,enel,oubjas
salto_apiacas,hydropower,brazil,45.0,in_operation,enel_green_power_brasil_participacoes,1.0,1.0,italy,international_utility,international_utility,yes,domestic_development_bankfund,nan,greenfield,enel,hv0txe
veracruz,hydropower,peru,635.0,permitting,compania_energetica_veracruz,1.0,1.0,italy,international_utility,international_utility,yes,nan,nan,greenfield,compania_energetica_veracruz,pinu1x
yanango,hydropower,peru,40.0,in_operation,chinango_sac,1.0,1.0,italy,international_utility,international_utility,yes,nan,nan,greenfield,chinango_sac,bqqa2h
jirau,hydropower,brazil,3750.0,in_operation,mitsui__co,0.2,0.2,japan,other,other,yes,domestic_development_bankfund_commercial_bank_commercial_bank_commercial_bank_commercial_bank_commercial_bank,nan,partial_change_in_equity,mitsui__co,bvsilh
mal_paso,hydropower,peru,54.0,in_operation,statkraft,1.0,1.0,norway,soe,stateowned_enterprise,yes,nan,nan,greenfield,statkraft,d0v87g
yaupi,hydropower,peru,112.0,in_operation,statkraft,1.0,1.0,norway,soe,stateowned_enterprise,yes,nan,nan,mergeracquisition,statkraft,15ymsl
angel_i_ii_iii,hydropower,peru,60.0,in_operation,generadora_de_energia_del_peru,1.0,1.0,peru,local_power_company,local_power_company,yes,nan,nan,greenfield,generadora_de_energia_del_peru,yjdu8c
ccollpani,hydropower,peru,49.7,permitting,empresa_de_generacion_electrica_ccollpani,1.0,1.0,peru,local_power_company,local_power_company,yes,nan,nan,greenfield,empresa_de_generacion_electrica_ccollpani,snztoh
cerro_del_aguila,hydropower,peru,525.0,in_operation,cerro_del_aguila_sa,1.0,1.0,peru,international_utility,international_utility,yes,nan,nan,mergeracquisition,cerro_del_aguila_sa,rbahmo
huaji,hydropower,bolivia,30.1,in_operation,compania_boliviana_de_energia_electrica,1.0,1.0,peru,international_utility,international_utility,yes,nan,nan,greenfield,compania_boliviana_de_energia_electrica,16nhqp
la_virgen,hydropower,peru,86.0,under_construction,peruana_de_energia,0.35,0.35,peru,local_power_company,local_power_company,yes,multilateral_development_bank_commercial_bank_foreign_development_bankfund,nan,partial_change_in_equity,peruana_de_energia,rx8uil
machu_picchu,hydropower,peru,189.0,in_operation,empresa_de_generacion_electrica_machupicchu,1.0,1.0,peru,local_power_company,local_power_company,yes,nan,nan,greenfield,corporacion_fonafe,ef8pim
restitucion,hydropower,peru,210.0,in_operation,empresa_electricidad_del_peru_electroperu,1.0,1.0,peru,soe,stateowned_enterprise,yes,nan,nan,greenfield,corporacion_fonafe,sqclf0
san_gaban_original__ii,hydropower,peru,220.0,in_operation,empresa_de_generacion_electrica_san_gaban,1.0,1.0,peru,local_power_company,local_power_company,yes,foreign_development_bankfund_multilateral_development_bank,nan,greenfield,corporacion_fonafe,mrkplj
santiago_antunez_de_mayolo_mantaro,hydropower,peru,798.0,in_operation,empresa_electricidad_del_peru_electroperu,1.0,1.0,peru,soe,stateowned_enterprise,yes,nan,nan,greenfield,corporacion_fonafe,66e1xd
tingo_i_ii_iii,hydropower,peru,406.0,permitting,energoret_sac,1.0,1.0,peru,other,other,yes,nan,nan,greenfield,energoret_sac,mr60xz
tulumayo_v,hydropower,peru,83.2,under_construction,egejunin_tulumayo_v_sac,1.0,1.0,peru,other,other,yes,nan,nan,greenfield,egejunin_tulumayo_v_sac,tngjls
upamayo,hydropower,peru,556.0,in_operation,centromin_peru,1.0,1.0,peru,other,other,yes,nan,nan,greenfield,centromin_peru,y9nigy
santa_maria,hydropower,peru,750.0,permitting,energia_azul,0.5,0.5,peru,local_power_company,local_power_company,yes,nan,nan,greenfield,energia_azul,xcaves
cachoeira_caldeirao,hydropower,brazil,219.0,in_operation,edp_brasil,0.5,0.5,portugal,international_utility,international_utility,yes,nan,nan,partial_change_in_equity,edp,novyg7
san_gaban_expansion_i_iii_iv,hydropower,peru,611.8,under_construction,hydro_global_peru_ctg_and_edp,0.5,0.5,portugal,international_utility,international_utility,yes,foreign_development_bankfund_multilateral_development_bank,nan,greenfield,hydro_global_peru_ctg_and_edp,jvrk9h
santo_antonio_do_jari,hydropower,brazil,373.3,in_operation,edp_brasil,0.5,0.5,portugal,international_utility,international_utility,yes,domestic_development_bankfund,nan,partial_change_in_equity,edp,gxcslh
sao_manoel,hydropower,brazil,700.0,in_operation,edp_brasil,0.33,0.33,portugal,international_utility,international_utility,yes,domestic_development_bankfund,nan,partial_change_in_equity,edp,kz5hkv
misicuni,hydropower,bolivia,185.5,in_operation,korea_electric_power_corp,0.5,0.0,south_korea,soe,stateowned_enterprise,no,multilateral_development_bank_multilateral_development_bank,nan,greenfield,korea_electric_power_corp,4zlrre
dardanelos,hydropower,brazil,261.0,in_operation,neoenergia,0.51,0.51,spain,international_utility,international_utility,yes,nan,nan,greenfield,neoenergia,hihj4x
huallaga_i,hydropower,peru,392.0,permitting,central_hidroelectrica_huallaga_hydro,1.0,1.0,spain,international_utility,international_utility,yes,nan,nan,greenfield,central_hidroelectrica_huallaga_hydro,qltjet
belo_monte,hydropower,brazil,11233.0,in_operation,neoenergia,0.1,0.1,spain,international_utility,international_utility,yes,investment_bank_commercial_bank_domestic_development_bankfund,nan,partial_change_in_equity,neoenergia,ogncc4
teles_pires,hydropower,brazil,1820.0,in_operation,neoenergia,0.501,0.501,spain,international_utility,international_utility,yes,domestic_development_bankfund,nan,greenfield,neoenergia,q7g2zk
afobaka_brokopondo,hydropower,suriname,190.0,in_operation,staatsolie_power_company_suriname,1.0,1.0,suriname,soe,stateowned_enterprise,yes,nan,nan,full_asset_transaction,staatsolie,srcdco
anto_ruiz,hydropower,peru,243.5,under_construction,nueva_esperanza_hydro,1.0,1.0,usa,other,other,yes,nan,nan,greenfield,nueva_esperanza_hydro,2twp68
caruachi_francisco_de_miranda,hydropower,venezuela,2196.0,in_operation,electrificacion_del_caroni,1.0,1.0,venezuela,soe,stateowned_enterprise,yes,multilateral_development_bank_multilateral_development_bank,nan,greenfield,cvg,oh0gsy
guri_simon_bolivar_raul_leoni_dam,hydropower,venezuela,10200.0,in_operation,electrificacion_del_caroni,1.0,1.0,venezuela,soe,stateowned_enterprise,yes,multilateral_development_bank_multilateral_development_bank_multilateral_development_bank,nan,greenfield,cvg,f6lxhg
macagua_i_ii_iii,hydropower,venezuela,3268.0,in_operation,electrificacion_del_caroni,1.0,1.0,venezuela,soe,stateowned_enterprise,yes,multilateral_development_bank_multilateral_development_bank,nan,greenfield,cvg,aekakn
block_56,oil_gas,peru,,in_production,sonatrach_peru_corporation,0.1,0.1,algeria,noc,national_oil_company,yes,nan,nan,greenfield,sonatrach,krstat
block_88,oil_gas,peru,,in_production,sonatrach_peru_corporation,0.1,0.1,algeria,noc,national_oil_company,yes,nan,nan,greenfield,sonatrach,r9avoq
block_10_villano,oil_gas,ecuador,,in_production,pluspetrol_ecuador,1.0,1.0,argentina,international_ep,international_ep,yes,nan,nan,full_asset_transaction,pluspetrol,pilv9i
block_56,oil_gas,peru,,in_production,pluspetrol,0.272,0.272,argentina,international_ep,international_ep,yes,nan,nan,greenfield,pluspetrol,l9runx
block_56,oil_gas,peru,,in_production,tecpetrol_bloque_56,0.1,0.1,argentina,international_ep,international_ep,yes,nan,nan,greenfield,tecpetrol,rbaaiu
block_64_palanda_yuca_sur,oil_gas,ecuador,,in_production,petroriva,0.4,0.4,argentina,international_ep,international_ep,yes,nan,nan,greenfield,petroriva,icpw7y
block_65_pindo,oil_gas,ecuador,,in_production,petroriva,0.4,0.4,argentina,international_ep,international_ep,yes,nan,nan,greenfield,petroriva,dpklxi
block_88,oil_gas,peru,,in_production,pluspetrol,0.272,0.272,argentina,international_ep,international_ep,yes,nan,nan,greenfield,pluspetrol,z7vfo5
block_88,oil_gas,peru,,in_production,tecpetrol_bloque_56,0.1,0.1,argentina,international_ep,international_ep,yes,nan,nan,greenfield,tecpetrol,8hkhkr
block_lviii,oil_gas,peru,,in_exploration,ypf_ep_peru,1.0,1.0,argentina,noc,national_oil_company,yes,nan,nan,greenfield,ypf,ltgzxe
block_lxix,oil_gas,peru,,in_exploration,ypf_ep_peru,1.0,1.0,argentina,noc,national_oil_company,yes,nan,nan,greenfield,ypf,or1npn
charagua,oil_gas,bolivia,,in_exploration,ypf_bolivia,1.0,1.0,argentina,noc,national_oil_company,yes,nan,nan,greenfield,ypf,h58zif
cpo_13,oil_gas,colombia,,in_production,tecpetrol_colombia,1.0,1.0,argentina,international_ep,international_ep,yes,nan,nan,partial_change_in_equity,tecpetrol,h6mji1
curiche,oil_gas,bolivia,,in_exploration,pluspetrol_bolivia_corporation,1.0,1.0,argentina,international_ep,international_ep,yes,nan,nan,greenfield,pluspetrol,by8nzh
put_12,oil_gas,colombia,,in_exploration,pluspetrol,0.4,0.0,argentina,international_ep,international_ep,no,nan,nan,greenfield,pluspetrol,vciqqx
rio_seco,oil_gas,bolivia,,in_production,pluspetrol_bolivia_corporation,1.0,1.0,argentina,international_ep,international_ep,yes,nan,nan,greenfield,pluspetrol,o4wqlu
tacobo,oil_gas,bolivia,,in_production,pluspetrol_bolivia_corporation,1.0,1.0,argentina,international_ep,international_ep,yes,nan,nan,greenfield,pluspetrol,nc28tr
tajibo,oil_gas,bolivia,,in_exploration,pluspetrol_bolivia_corporation,1.0,1.0,argentina,international_ep,international_ep,yes,nan,nan,greenfield,pluspetrol,q1o32j
block_28,oil_gas,ecuador,,in_exploration,empresa_estatal_unitaria_union_de_empresas_productoras_belorusneft,0.07,0.0,belarus,noc,national_oil_company,no,nan,nan,greenfield,empresa_estatal_unitaria_union_de_empresas_productoras_belorusneft,3iviim
amboro_espejos_norte1,oil_gas,bolivia,,in_exploration,ypfb_andina_repsol__ypfb,0.5,0.5,bolivia,noc,national_oil_company,yes,nan,nan,greenfield,ypfb,ico5vp
amboro_espejos_norte2,oil_gas,bolivia,,in_exploration,ypfb_andina_repsol__ypfb,0.5,0.5,bolivia,noc,national_oil_company,yes,nan,nan,greenfield,ypfb,hywudn
arroyo_negro,oil_gas,bolivia,,in_production,ypfb_andina_repsol__ypfb,0.5,0.5,bolivia,noc,national_oil_company,yes,nan,nan,greenfield,ypfb,p0zi0d
boqueron,oil_gas,bolivia,,in_production,ypfb_andina_repsol__ypfb,0.5,0.5,bolivia,noc,national_oil_company,yes,nan,nan,greenfield,ypfb,p2hqwx
bulo_bulo,oil_gas,bolivia,,in_production,ypfb_chaco,1.0,1.0,bolivia,noc,national_oil_company,yes,nan,nan,greenfield,ypfb,wkmgl4
camiri,oil_gas,bolivia,,in_production,ypfb_andina_repsol__ypfb,0.5,0.5,bolivia,noc,national_oil_company,yes,nan,nan,greenfield,ypfb,i6rwtx
campo_san_ignacio,oil_gas,bolivia,,in_exploration,ypfb_chaco,1.0,1.0,bolivia,noc,national_oil_company,yes,nan,nan,greenfield,ypfb,aig25w
campo_santa_rosa,oil_gas,bolivia,,in_exploration,ypfb_chaco,1.0,1.0,bolivia,noc,national_oil_company,yes,nan,nan,greenfield,ypfb,qrpvae
carohuaicho_8a,oil_gas,bolivia,,in_exploration,ypfb_chaco,1.0,1.0,bolivia,noc,national_oil_company,yes,nan,nan,greenfield,ypfb,kfrquh
carohuaicho_8b,oil_gas,bolivia,,in_exploration,ypfb_andina_repsol__ypfb,0.5,0.5,bolivia,noc,national_oil_company,yes,nan,nan,greenfield,ypfb,6ndcco
carohuaicho_8d,oil_gas,bolivia,,in_exploration,ypfb_andina_repsol__ypfb,0.5,0.5,bolivia,noc,national_oil_company,yes,nan,nan,greenfield,ypfb,nizpnb
carrasco,oil_gas,bolivia,,in_production,ypfb_chaco,1.0,1.0,bolivia,noc,national_oil_company,yes,nan,nan,greenfield,ypfb,vzbqci
cascabel,oil_gas,bolivia,,in_production,ypfb_andina_repsol__ypfb,0.5,0.5,bolivia,noc,national_oil_company,yes,nan,nan,greenfield,ypfb,re0f4h
cedro,oil_gas,bolivia,,in_exploration,ypfb,1.0,1.0,bolivia,noc,national_oil_company,yes,nan,nan,greenfield,ypfb,iknl88
chimore_i,oil_gas,bolivia,,in_production,ypfb_chaco,1.0,1.0,bolivia,noc,national_oil_company,yes,nan,nan,greenfield,ypfb,4ciezc
cobra,oil_gas,bolivia,,in_production,ypfb_andina_repsol__ypfb,0.5,0.5,bolivia,noc,national_oil_company,yes,nan,nan,greenfield,ypfb,mytivt
colorado,oil_gas,bolivia,,in_exploration,ypfb_chaco,1.0,1.0,bolivia,noc,national_oil_company,yes,nan,nan,greenfield,ypfb,9twxgr
colorado_sur,oil_gas,bolivia,,in_exploration,ypfb_chaco,1.0,1.0,bolivia,noc,national_oil_company,yes,nan,nan,greenfield,ypfb,ojx3mc
colpa__caranda,oil_gas,bolivia,,in_production,ypfb,1.0,1.0,bolivia,noc,national_oil_company,yes,nan,nan,full_asset_transaction,ypfb,rkslnm
el_dorado,oil_gas,bolivia,,in_production,ypfb_chaco,1.0,1.0,bolivia,noc,national_oil_company,yes,nan,nan,greenfield,ypfb,oeb3cf
enconada,oil_gas,bolivia,,in_production,ypfb_andina_repsol__ypfb,0.5,0.5,bolivia,noc,national_oil_company,yes,nan,nan,greenfield,ypfb,kjdbfp
guairuy,oil_gas,bolivia,,in_production,ypfb_andina_repsol__ypfb,0.5,0.5,bolivia,noc,national_oil_company,yes,nan,nan,greenfield,ypfb,esnhs6
humberto_suarez_roca,oil_gas,bolivia,,in_production,ypfb_chaco,1.0,1.0,bolivia,noc,national_oil_company,yes,nan,nan,greenfield,ypfb,ddem0n
isarsama,oil_gas,bolivia,,in_exploration,ypfb_chaco,1.0,1.0,bolivia,noc,national_oil_company,yes,nan,nan,greenfield,ypfb,cncjkw
junin,oil_gas,bolivia,,in_exploration,ypfb_chaco,1.0,1.0,bolivia,noc,national_oil_company,yes,nan,nan,greenfield,ypfb,j0pdoq
junin_sur,oil_gas,bolivia,,in_production,ypfb_chaco,1.0,1.0,bolivia,noc,national_oil_company,yes,nan,nan,greenfield,ypfb,7e3cs6
kanata_norte,oil_gas,bolivia,,in_exploration,ypfb_chaco,1.0,1.0,bolivia,noc,national_oil_company,yes,nan,nan,greenfield,ypfb,zjeksw
katari,oil_gas,bolivia,,in_exploration,ypfb_chaco,1.0,1.0,bolivia,noc,national_oil_company,yes,nan,nan,greenfield,ypfb,oglzt5
lliquimuni,oil_gas,bolivia,,in_exploration,ypfb,0.6,0.6,bolivia,noc,national_oil_company,yes,nan,nan,greenfield,ypfb,13xext
los_cusis,oil_gas,bolivia,,in_production,ypfb_chaco,1.0,1.0,bolivia,noc,national_oil_company,yes,nan,nan,greenfield,ypfb,nqrwuk
los_penocos,oil_gas,bolivia,,in_production,ypfb_andina_repsol__ypfb,0.5,0.5,bolivia,noc,national_oil_company,yes,nan,nan,greenfield,ypfb,rqhwml
madidi,oil_gas,bolivia,,in_exploration,ypfb,0.5,1.0,bolivia,noc,national_oil_company,yes,nan,nan,greenfield,ypfb,oe9vuz
montecristo,oil_gas,bolivia,,in_production,ypfb_chaco,1.0,1.0,bolivia,noc,national_oil_company,yes,nan,nan,greenfield,ypfb,41bllo
oriental,oil_gas,bolivia,,in_exploration,ypfb_andina_repsol__ypfb,0.5,0.5,bolivia,noc,national_oil_company,yes,nan,nan,greenfield,ypfb,yxieol
palacios,oil_gas,bolivia,,in_production,ypfb_andina_repsol__ypfb,0.5,0.5,bolivia,noc,national_oil_company,yes,nan,nan,greenfield,ypfb,hfxmhp
palometas_nw,oil_gas,bolivia,,in_production,ypfb_chaco,1.0,1.0,bolivia,noc,national_oil_company,yes,nan,nan,greenfield,ypfb,kmjm0w
patuju,oil_gas,bolivia,,in_production,ypfb_andina_repsol__ypfb,0.5,0.5,bolivia,noc,national_oil_company,yes,nan,nan,greenfield,ypfb,wzig8x
patujusal,oil_gas,bolivia,,in_production,ypfb_chaco,1.0,1.0,bolivia,noc,national_oil_company,yes,nan,nan,greenfield,ypfb,kps1y4
percheles,oil_gas,bolivia,,in_exploration,ypfb_chaco,1.0,1.0,bolivia,noc,national_oil_company,yes,nan,nan,greenfield,ypfb,csk6on
puerto_palos,oil_gas,bolivia,,in_production,ypfb_andina_repsol__ypfb,0.5,0.5,bolivia,noc,national_oil_company,yes,nan,nan,greenfield,ypfb,x9smjp
rio_grande,oil_gas,bolivia,,in_production,ypfb_andina_repsol__ypfb,0.5,0.5,bolivia,noc,national_oil_company,yes,nan,nan,greenfield,ypfb,8qf2tg
san_miguel,oil_gas,bolivia,,in_exploration,ypfb_chaco,1.0,1.0,bolivia,noc,national_oil_company,yes,nan,nan,greenfield,ypfb,hhjvn2
santa_rosa,oil_gas,bolivia,,in_production,ypfb_chaco,1.0,1.0,bolivia,noc,national_oil_company,yes,nan,nan,greenfield,ypfb,leppkd
santa_rosa_west,oil_gas,bolivia,,in_production,ypfb_chaco,1.0,1.0,bolivia,noc,national_oil_company,yes,nan,nan,greenfield,ypfb,dujoud
sirari,oil_gas,bolivia,,in_production,ypfb_andina_repsol__ypfb,0.5,0.5,bolivia,noc,national_oil_company,yes,nan,nan,greenfield,ypfb,l0kxke
tatarenda,oil_gas,bolivia,,in_production,matpetrol,1.0,1.0,bolivia,other,other,yes,nan,nan,greenfield,matpetrol,y5c3mm
vibora,oil_gas,bolivia,,in_production,ypfb_andina_repsol__ypfb,0.5,0.5,bolivia,noc,national_oil_company,yes,nan,nan,greenfield,ypfb,ljh4dk
warnes,oil_gas,bolivia,,in_exploration,canadian_energy_enterprises_cee_srl,1.0,1.0,bolivia,local_ep,local_ep,yes,nan,nan,greenfield,canadian_energy_enterprises_cee_srl,myizhi
yapacani,oil_gas,bolivia,,in_production,ypfb_andina_repsol__ypfb,0.5,0.5,bolivia,noc,national_oil_company,yes,nan,nan,greenfield,ypfb,b7su6h
yarara,oil_gas,bolivia,,in_exploration,ypfb,1.0,1.0,bolivia,noc,national_oil_company,yes,nan,nan,greenfield,ypfb,pkeq0g
act8,oil_gas,brazil,,in_exploration,petroleo_brasileiro_petrobras,1.0,1.0,brazil,noc,national_oil_company,yes,nan,nan,greenfield,petroleo_brasileiro_petrobras,crh8wd
amt84,oil_gas,brazil,,in_exploration,petroleo_brasileiro_petrobras,0.6,1.0,brazil,noc,national_oil_company,yes,nan,nan,greenfield,petroleo_brasileiro_petrobras,jreaji
ba3_azulao,oil_gas,brazil,,in_exploration,parnaiba_gas_natural,1.0,1.0,brazil,local_ep,local_ep,yes,nan,nan,greenfield,parnaiba_gas_natural,n2jcfr
bsol5_araracanga,oil_gas,brazil,,in_production,petroleo_brasileiro_petrobras,1.0,1.0,brazil,noc,national_oil_company,yes,nan,nan,greenfield,petroleo_brasileiro_petrobras,uiafjh
crp_carapanauba,oil_gas,brazil,,in_production,petroleo_brasileiro_petrobras,1.0,1.0,brazil,noc,national_oil_company,yes,nan,nan,greenfield,petroleo_brasileiro_petrobras,s2gbk6
cup_cupiuba,oil_gas,brazil,,in_production,petroleo_brasileiro_petrobras,1.0,1.0,brazil,noc,national_oil_company,yes,nan,nan,greenfield,petroleo_brasileiro_petrobras,0gv07x
gaviao_tesoura,oil_gas,brazil,,in_exploration,eneva,1.0,1.0,brazil,local_ep,local_ep,yes,nan,nan,greenfield,eneva,eojoef
jr_jurua,oil_gas,brazil,,in_production,petroleo_brasileiro_petrobras,1.0,1.0,brazil,noc,national_oil_company,yes,nan,nan,greenfield,petroleo_brasileiro_petrobras,bbyxlp
luc_leste_do_urucu,oil_gas,brazil,,in_production,petroleo_brasileiro_petrobras,1.0,1.0,brazil,noc,national_oil_company,yes,nan,nan,greenfield,petroleo_brasileiro_petrobras,6runxe
pnt47,oil_gas,brazil,,in_exploration,eneva,1.0,1.0,brazil,local_ep,local_ep,yes,nan,nan,greenfield,eneva,yjdnux
pnt48a,oil_gas,brazil,,in_exploration,eneva,1.0,1.0,brazil,local_ep,local_ep,yes,nan,nan,greenfield,eneva,yzdbw2
pnt49,oil_gas,brazil,,in_exploration,eneva,1.0,1.0,brazil,local_ep,local_ep,yes,nan,nan,mergeracquisition,eneva,cxxezk
pnt65,oil_gas,brazil,,in_exploration,ouro_preto_oleo_e_gas,1.0,1.0,brazil,local_ep,local_ep,yes,nan,nan,greenfield,ouro_preto_oleo_e_gas,yjs3wm
pnt66,oil_gas,brazil,,in_exploration,eneva,1.0,1.0,brazil,local_ep,local_ep,yes,nan,nan,greenfield,eneva,yxvpef
ruc_rio_ucuru,oil_gas,brazil,,in_production,petroleo_brasileiro_petrobras,1.0,1.0,brazil,noc,national_oil_company,yes,nan,nan,greenfield,petroleo_brasileiro_petrobras,pbmddq
solt171_arara_azul,oil_gas,brazil,,in_production,petroleo_brasileiro_petrobras,1.0,1.0,brazil,noc,national_oil_company,yes,nan,nan,greenfield,petroleo_brasileiro_petrobras,jho1vz
suc_sudoeste_urucu,oil_gas,brazil,,in_production,petroleo_brasileiro_petrobras,1.0,1.0,brazil,noc,national_oil_company,yes,nan,nan,greenfield,petroleo_brasileiro_petrobras,lsdy05
achapo,oil_gas,colombia,,in_exploration,canacol_energy_colombia,1.0,1.0,canada,international_ep,international_ep,yes,nan,nan,partial_change_in_equity,canacol_energy,bwdrmr
alea_1848_a,oil_gas,colombia,,in_exploration,gran_tierra_energy,1.0,1.0,canada,international_ep,international_ep,yes,nan,nan,partial_change_in_equity,gran_tierra_energy,jlbuav
alea_1947_c,oil_gas,colombia,,in_exploration,gran_tierra_energy_colombia,1.0,0.0,canada,international_ep,international_ep,no,nan,nan,greenfield,gran_tierra_energy,m6maie
berbice,oil_gas,guyana,,in_exploration,on_energy_inc,1.0,1.0,canada,international_ep,international_ep,yes,nan,nan,greenfield,on_energy_inc,sspbnu
block_192,oil_gas,peru,,in_production,frontera_energy,1.0,1.0,canada,international_ep,international_ep,yes,nan,nan,greenfield,frontera_energy,0xvvcl
block_50_charapa,oil_gas,ecuador,,in_exploration,gran_tierra_energy_colombia,1.0,1.0,canada,international_ep,international_ep,yes,nan,nan,greenfield,gran_tierra_energy,aiwntl
block_51_chanangue,oil_gas,ecuador,,in_exploration,gran_tierra_energy_colombia,1.0,1.0,canada,international_ep,international_ep,yes,nan,nan,greenfield,gran_tierra_energy,fhohps
block_88_perico,oil_gas,ecuador,,in_exploration,frontera_energy,0.5,1.0,canada,international_ep,international_ep,yes,nan,nan,greenfield,frontera_energy,cbx2u4
block_89_iguana,oil_gas,ecuador,,in_exploration,gran_tierra_energy_colombia,1.0,1.0,canada,international_ep,international_ep,yes,nan,nan,greenfield,gran_tierra_energy,5ngfmb
cag_5,oil_gas,colombia,,in_production,frontera_energy_colombia,0.5,1.0,canada,international_ep,international_ep,yes,nan,nan,greenfield,frontera_energy,nhzbaw
cag_6,oil_gas,colombia,,in_exploration,frontera_energy_colombia,0.6,1.0,canada,international_ep,international_ep,yes,nan,nan,greenfield,frontera_energy,omnw49
chaza,oil_gas,colombia,,in_production,gran_tierra_energy,1.0,1.0,canada,international_ep,international_ep,yes,nan,nan,mergeracquisition,gran_tierra_energy,sv3oem
cpe_6,oil_gas,colombia,,in_production,frontera_energy_colombia,1.0,1.0,canada,international_ep,international_ep,yes,nan,nan,partial_change_in_equity,frontera_energy,cffs6e
guayuyaco_santana_ady,oil_gas,colombia,,in_production,gran_tierra_energy_colombia,0.5,1.0,canada,international_ep,international_ep,yes,nan,nan,greenfield,gran_tierra_energy,9uowjd
nancyburdinemaxine,oil_gas,colombia,,in_production,gran_tierra_energy_colombia,1.0,1.0,canada,international_ep,international_ep,yes,nan,nan,full_asset_transaction,gran_tierra_energy,fcx3bm
ombu,oil_gas,colombia,,in_production,arrow_exploration_corp,0.5,0.0,canada,international_ep,international_ep,no,nan,nan,mergeracquisition,arrow_exploration_corp,y0wyh0
orito,oil_gas,colombia,,in_production,frontera_energy,0.5,0.0,canada,international_ep,international_ep,no,nan,nan,greenfield,frontera_energy,mgx3gf
portofino,oil_gas,colombia,,in_exploration,canacol_energy,0.6,1.0,canada,international_ep,international_ep,yes,nan,nan,full_asset_transaction,canacol_energy,a7p307
portofino,oil_gas,colombia,,in_exploration,frontera_energy,0.4,0.0,canada,international_ep,international_ep,no,nan,nan,full_asset_transaction,frontera_energy,jkft51
put_1,oil_gas,colombia,,in_production,gran_tierra_energy_colombia,0.55,1.0,canada,international_ep,international_ep,yes,nan,nan,greenfield,gran_tierra_energy,kfw399
put_10,oil_gas,colombia,,suspended,gran_tierra_energy_colombia,1.0,1.0,canada,international_ep,international_ep,yes,nan,nan,greenfield,gran_tierra_energy,ihdkga
put_2,oil_gas,colombia,,suspended,gran_tierra_energy_colombia,1.0,1.0,canada,international_ep,international_ep,yes,nan,nan,mergeracquisition,gran_tierra_energy,7adze6
put_21,oil_gas,colombia,,in_exploration,gran_tierra_energy,1.0,1.0,canada,international_ep,international_ep,yes,nan,nan,greenfield,gran_tierra_energy,xs75t0
put_25,oil_gas,colombia,,in_exploration,gran_tierra_energy_colombia,1.0,1.0,canada,international_ep,international_ep,yes,nan,nan,greenfield,gran_tierra_energy,aywb0t
put_31,oil_gas,colombia,,in_exploration,gran_tierra_energy_colombia,1.0,1.0,canada,international_ep,international_ep,yes,nan,nan,greenfield,gran_tierra_energy,z1d3zf
put_33,oil_gas,colombia,,in_exploration,gran_tierra_energy,1.0,1.0,canada,international_ep,international_ep,yes,nan,nan,greenfield,gran_tierra_energy,zwg45j
put_4,oil_gas,colombia,,in_exploration,gran_tierra_energy_colombia,1.0,1.0,canada,international_ep,international_ep,yes,nan,nan,greenfield,gran_tierra_energy,946bgu
put_7,oil_gas,colombia,,in_production,gran_tierra_energy_colombia,1.0,1.0,canada,international_ep,international_ep,yes,nan,nan,mergeracquisition,gran_tierra_energy,z1xuht
putumayo_piedemonte_norte,oil_gas,colombia,,in_exploration,gran_tierra_energy,0.7,1.0,canada,international_ep,international_ep,yes,nan,nan,partial_change_in_equity,gran_tierra_energy,znuvci
putumayo_piedemonte_sur,oil_gas,colombia,,in_exploration,gran_tierra_energy_colombia,1.0,1.0,canada,international_ep,international_ep,yes,nan,nan,greenfield,gran_tierra_energy,dctds3
rio_ariari,oil_gas,colombia,,in_exploration,petrominerales_colombia,1.0,1.0,canada,international_ep,international_ep,yes,nan,nan,greenfield,petrominerales_colombia,2zzwvy
sangretoro,oil_gas,colombia,,in_exploration,shona_energy_colombia,1.0,1.0,canada,international_ep,international_ep,yes,nan,nan,greenfield,shona_energy_colombia,fld9t6
santana,oil_gas,colombia,,in_production,gran_tierra_energy_colombia,1.0,1.0,canada,international_ep,international_ep,yes,nan,nan,full_asset_transaction,gran_tierra_energy,v4qvra
suroriente,oil_gas,colombia,,in_production,suroco_energy,0.158,0.0,canada,international_ep,international_ep,no,nan,nan,partial_change_in_equity,suroco_energy,flfgbh
tinigua,oil_gas,colombia,,suspended,frontera_energy_colombia,0.5,1.0,canada,international_ep,international_ep,yes,nan,nan,partial_change_in_equity,frontera_energy,kgxcv5
tinigua,oil_gas,colombia,,suspended,gran_tierra_energy_colombia,0.5,0.0,canada,international_ep,international_ep,no,nan,nan,partial_change_in_equity,gran_tierra_energy,jw39lp
andaquies,oil_gas,colombia,,in_exploration,geopark,1.0,1.0,chile,international_ep,international_ep,yes,nan,nan,mergeracquisition,geopark,fx0rwr
block_28,oil_gas,ecuador,,in_exploration,eop_operaciones_petroleras,0.42,1.0,chile,noc,national_oil_company,yes,nan,nan,greenfield,eop_operaciones_petroleras,a4nlln
block_46_mdc,oil_gas,ecuador,,in_production,enap_sipetrol,1.0,1.0,chile,noc,national_oil_company,yes,nan,nan,greenfield,enap_sipetrol,wndwqb
block_47_pbhi,oil_gas,ecuador,,in_production,enap_sipetrol,1.0,1.0,chile,noc,national_oil_company,yes,nan,nan,greenfield,enap_sipetrol,gwihxo
block_64_block_morona,oil_gas,peru,,suspended,geopark,0.75,0.0,chile,international_ep,international_ep,no,nan,nan,greenfield,geopark,wjytxj
block_88_perico,oil_gas,ecuador,,in_exploration,geopark,0.5,0.0,chile,international_ep,international_ep,no,nan,nan,greenfield,geopark,5qtf76
block_92_espejo,oil_gas,ecuador,,in_exploration,geopark_peru,1.0,1.0,chile,international_ep,international_ep,yes,nan,nan,greenfield,geopark,r1vxgp
coati,oil_gas,colombia,,in_production,geopark,1.0,1.0,chile,international_ep,international_ep,yes,nan,nan,mergeracquisition,geopark,dam6ce
los_picachos,oil_gas,colombia,,in_exploration,geopark_colombia,1.0,0.0,chile,international_ep,international_ep,no,nan,nan,greenfield,geopark,esicha
macaya,oil_gas,colombia,,in_exploration,geopark_colombia,1.0,1.0,chile,international_ep,international_ep,yes,nan,nan,full_asset_transaction,geopark,tjtild
mecaya,oil_gas,colombia,,in_exploration,geopark,0.5,1.0,chile,international_ep,international_ep,yes,nan,nan,partial_change_in_equity,geopark,mgsrtq
platanillo,oil_gas,colombia,,in_production,amerisur_resources,1.0,1.0,chile,international_ep,international_ep,yes,nan,nan,greenfield,amerisur,xzlmzh
put_12,oil_gas,colombia,,in_exploration,amerisur_resources,0.0,1.0,chile,international_ep,international_ep,yes,nan,nan,greenfield,amerisur,fac0ue
put_12,oil_gas,colombia,,in_exploration,geopark,0.6,0.0,chile,international_ep,international_ep,no,nan,nan,greenfield,geopark,quq7j3
put_14,oil_gas,colombia,,in_exploration,amerisur_resources,1.0,1.0,chile,international_ep,international_ep,yes,nan,nan,full_asset_transaction,amerisur,nvwslt
put_30,oil_gas,colombia,,in_exploration,amerisur_exploracion_colombia,1.0,1.0,chile,international_ep,international_ep,yes,nan,nan,greenfield,amerisur,77fdgu
put_36,oil_gas,colombia,,in_exploration,amerisur_exploracion_colombia,1.0,1.0,chile,international_ep,international_ep,yes,nan,nan,greenfield,amerisur,7jyznx
put_8,oil_gas,colombia,,in_exploration,amerisur_resources,1.0,1.0,chile,international_ep,international_ep,yes,nan,nan,full_asset_transaction,amerisur,0nlkda
put_9,oil_gas,colombia,,in_exploration,amerisur_exploracion_colombia,0.5,1.0,chile,international_ep,international_ep,yes,nan,nan,greenfield,amerisur,doecrb
tacacho,oil_gas,colombia,,in_exploration,amerisur_exploracion_colombia,1.0,1.0,chile,international_ep,international_ep,yes,nan,nan,partial_change_in_equity,amerisur,kwinz1
terecay,oil_gas,colombia,,in_exploration,amerisur_exploracion_colombia,1.0,1.0,chile,international_ep,international_ep,yes,nan,nan,partial_change_in_equity,amerisur,yqzhcg
block_14_nantu,oil_gas,ecuador,,in_production,petrooriental,1.0,1.0,china,noc,national_oil_company,yes,nan,nan,greenfield,petrooriental,3qka3s
block_16_iro,oil_gas,ecuador,,in_production,amodaimi_oil_co,0.2,0.0,china,noc,national_oil_company,no,nan,nan,partial_change_in_equity,amodaimi_oil_co,0ebvoy
block_16_iro,oil_gas,ecuador,,in_production,crs_resources_ecuador,0.14,0.0,china,noc,national_oil_company,no,nan,nan,partial_change_in_equity,crs_resources,xsmse8
block_17_hormiguero,oil_gas,ecuador,,in_production,petrooriental,0.5,0.5,china,noc,national_oil_company,yes,nan,nan,greenfield,petrooriental,l5kld0
block_57,oil_gas,peru,,in_production,petrochina,0.4616,0.0,china,noc,national_oil_company,no,nan,nan,greenfield,petrochina,jbu0mg
block_58,oil_gas,peru,,in_production,china_national_petroleum_corporation_cnpc,1.0,1.0,china,noc,national_oil_company,yes,nan,nan,mergeracquisition,china_national_petroleum_corporation_cnpc,hgoox6
block_62_tarapoa,oil_gas,ecuador,,in_production,andes_petroleum_ecuador,1.0,1.0,china,noc,national_oil_company,yes,nan,nan,full_asset_transaction,andes_petroleum_ecuador,mozvwy
block_79,oil_gas,ecuador,,suspended,andes_petroleum_ecuador,1.0,1.0,china,noc,national_oil_company,yes,nan,nan,greenfield,andes_petroleum_ecuador,fdbfde
block_8,oil_gas,peru,,in_production,china_national_petroleum_corporation_cnpc,0.27,0.27,china,noc,national_oil_company,yes,nan,nan,greenfield,china_national_petroleum_corporation_cnpc,uk998o
block_83,oil_gas,ecuador,,suspended,andes_petroleum_ecuador,1.0,1.0,china,noc,national_oil_company,yes,nan,nan,greenfield,andes_petroleum_ecuador,ciomhs
ceiba,oil_gas,colombia,,in_exploration,emerald_energy,1.0,1.0,china,noc,national_oil_company,yes,nan,nan,greenfield,emerald_energy,kmqn04
durillo,oil_gas,colombia,,in_production,emerald_energy,1.0,1.0,china,noc,national_oil_company,yes,nan,nan,greenfield,emerald_energy,5hrleb
maranta,oil_gas,colombia,,in_production,emerald_energy,1.0,1.0,china,noc,national_oil_company,yes,nan,nan,greenfield,emerald_energy,etwtyu
nogal,oil_gas,colombia,,in_exploration,emerald_energy,1.0,1.0,china,noc,national_oil_company,yes,nan,nan,greenfield,emerald_energy,cocqgp
ombu,oil_gas,colombia,,in_production,emerald_energy,0.5,1.0,china,noc,national_oil_company,yes,nan,nan,mergeracquisition,emerald_energy,yk3sfd
alea_1947_c,oil_gas,colombia,,in_exploration,vetra_exploracion_y_produccion,0.0,1.0,colombia,local_ep,local_ep,yes,nan,nan,greenfield,vetra_exploracion_y_produccion,trpfb8
area_occidental,oil_gas,colombia,,in_production,empresa_colombiana_de_petroleos_ecopetrol,1.0,1.0,colombia,noc,national_oil_company,yes,nan,nan,greenfield,empresa_colombiana_de_petroleos_ecopetrol,jpb5fu
area_sur,oil_gas,colombia,,in_production,empresa_colombiana_de_petroleos_ecopetrol,1.0,1.0,colombia,noc,national_oil_company,yes,nan,nan,greenfield,empresa_colombiana_de_petroleos_ecopetrol,tke7us
cpe_8,oil_gas,colombia,,in_exploration,empresa_colombiana_de_petroleos_ecopetrol,0.5,0.0,colombia,noc,national_oil_company,no,nan,nan,greenfield,empresa_colombiana_de_petroleos_ecopetrol,4mue2c
cpo_16,oil_gas,colombia,,in_exploration,hocol_sa,1.0,1.0,colombia,noc,national_oil_company,yes,nan,nan,greenfield,hocol_sa,echqzt
cpo_17,oil_gas,colombia,,in_exploration,hocol_sa,1.0,1.0,colombia,noc,national_oil_company,yes,nan,nan,greenfield,hocol_sa,0xvetb
guayuyaco_santana_ady,oil_gas,colombia,,in_production,empresa_colombiana_de_petroleos_ecopetrol,0.5,0.0,colombia,noc,national_oil_company,no,nan,nan,greenfield,empresa_colombiana_de_petroleos_ecopetrol,adfsry
hobo,oil_gas,colombia,,in_production,empresa_colombiana_de_petroleos_ecopetrol,1.0,1.0,colombia,noc,national_oil_company,yes,nan,nan,greenfield,empresa_colombiana_de_petroleos_ecopetrol,1n3iyq
los_picachos,oil_gas,colombia,,in_exploration,hupecol_operating_co,0.0,1.0,colombia,local_ep,local_ep,yes,nan,nan,greenfield,hupecol_operating_co,gqvrtr
nororiente,oil_gas,colombia,,in_production,empresa_colombiana_de_petroleos_ecopetrol,1.0,1.0,colombia,noc,national_oil_company,yes,nan,nan,greenfield,empresa_colombiana_de_petroleos_ecopetrol,nyqolz
orito,oil_gas,colombia,,in_production,empresa_colombiana_de_petroleos_ecopetrol,0.5,1.0,colombia,noc,national_oil_company,yes,nan,nan,greenfield,empresa_colombiana_de_petroleos_ecopetrol,vvaue7
provincia_p_norte,oil_gas,colombia,,in_production,empresa_colombiana_de_petroleos_ecopetrol,1.0,1.0,colombia,noc,national_oil_company,yes,nan,nan,greenfield,empresa_colombiana_de_petroleos_ecopetrol,v6ppla
puli,oil_gas,colombia,,in_production,hocol_sa,1.0,1.0,colombia,noc,national_oil_company,yes,nan,nan,greenfield,hocol_sa,eaueqo
put_13,oil_gas,colombia,,in_exploration,empresa_colombiana_de_petroleos_ecopetrol,1.0,1.0,colombia,noc,national_oil_company,yes,nan,nan,greenfield,empresa_colombiana_de_petroleos_ecopetrol,ufi77q
put_6,oil_gas,colombia,,in_exploration,petro_caribbean_resources,1.0,1.0,colombia,local_ep,local_ep,yes,nan,nan,greenfield,petro_caribbean_resources,n4ip7z
rio_chitamena,oil_gas,colombia,,in_production,equion_energia,1.0,1.0,colombia,noc,national_oil_company,yes,nan,nan,greenfield,equion_energia,njdf6m
samichay_a,oil_gas,colombia,,in_exploration,empresa_colombiana_de_petroleos_ecopetrol,1.0,1.0,colombia,noc,national_oil_company,yes,nan,nan,greenfield,empresa_colombiana_de_petroleos_ecopetrol,rs2mck
samichay_b,oil_gas,colombia,,in_exploration,empresa_colombiana_de_petroleos_ecopetrol,1.0,1.0,colombia,noc,national_oil_company,yes,nan,nan,greenfield,empresa_colombiana_de_petroleos_ecopetrol,ax53vf
santa_clara,oil_gas,colombia,,in_production,empresa_colombiana_de_petroleos_ecopetrol,1.0,1.0,colombia,noc,national_oil_company,yes,nan,nan,greenfield,empresa_colombiana_de_petroleos_ecopetrol,piu99v
suroriente,oil_gas,colombia,,in_production,empresa_colombiana_de_petroleos_ecopetrol,0.48,1.0,colombia,noc,national_oil_company,yes,nan,nan,partial_change_in_equity,empresa_colombiana_de_petroleos_ecopetrol,eoal3o
suroriente,oil_gas,colombia,,in_production,vetra_exploracion_y_produccion,0.362,0.0,colombia,local_ep,local_ep,no,nan,nan,partial_change_in_equity,vetra_exploracion_y_produccion,tocu3j
upar,oil_gas,colombia,,in_exploration,empresa_colombiana_de_petroleos_ecopetrol,1.0,1.0,colombia,noc,national_oil_company,yes,nan,nan,greenfield,empresa_colombiana_de_petroleos_ecopetrol,9oafli
yd_put_1,oil_gas,colombia,,in_exploration,mompos_oil_company_inc,1.0,1.0,colombia,local_ep,local_ep,yes,nan,nan,greenfield,mompos_oil_company_inc,wifaws
block_11_lumbaqui,oil_gas,ecuador,,in_production,petroamazonas_ep,1.0,1.0,ecuador,noc,national_oil_company,yes,nan,nan,greenfield,petroamazonas_ep,ol1jl1
block_12_eden_yuturi,oil_gas,ecuador,,in_production,petroamazonas_ep,1.0,1.0,ecuador,noc,national_oil_company,yes,nan,nan,greenfield,petroamazonas_ep,biqcb0
block_15_indillana,oil_gas,ecuador,,in_production,petroamazonas_ep,1.0,1.0,ecuador,noc,national_oil_company,yes,nan,nan,greenfield,petroamazonas_ep,r1eeix
block_18_palo_azul,oil_gas,ecuador,,in_production,petroamazonas_ep,1.0,1.0,ecuador,noc,national_oil_company,yes,nan,nan,greenfield,petroamazonas_ep,2ncx8p
block_21_yuralpa,oil_gas,ecuador,,in_production,petroamazonas_ep,1.0,1.0,ecuador,noc,national_oil_company,yes,nan,nan,greenfield,petroamazonas_ep,yleye4
block_28,oil_gas,ecuador,,in_exploration,petroamazonas_ep,0.51,0.0,ecuador,noc,national_oil_company,no,nan,nan,greenfield,petroamazonas_ep,xyggzz
block_31_apaika_nenke,oil_gas,ecuador,,in_production,petroamazonas_ep,1.0,1.0,ecuador,noc,national_oil_company,yes,nan,nan,greenfield,petroamazonas_ep,1qoned
block_43_itt,oil_gas,ecuador,,in_production,petroamazonas_ep,1.0,1.0,ecuador,noc,national_oil_company,yes,nan,nan,greenfield,petroamazonas_ep,3s25lb
block_44_pucuna,oil_gas,ecuador,,in_production,petroamazonas_ep,1.0,1.0,ecuador,noc,national_oil_company,yes,nan,nan,greenfield,petroamazonas_ep,n0f0wb
block_45_puma,oil_gas,ecuador,,in_production,campo_puma_oriente,0.9,0.9,ecuador,local_ep,local_ep,yes,nan,nan,greenfield,campo_puma_oriente,u53tkk
block_48_punino,oil_gas,ecuador,,in_production,petroamazonas_ep,1.0,1.0,ecuador,noc,national_oil_company,yes,nan,nan,greenfield,petroamazonas_ep,qucbhc
block_49_bermejo,oil_gas,ecuador,,in_production,petroamazonas_ep,1.0,1.0,ecuador,noc,national_oil_company,yes,nan,nan,greenfield,petroamazonas_ep,dedbmz
block_55_armadillo,oil_gas,ecuador,,in_production,petroamazonas_ep,1.0,1.0,ecuador,noc,national_oil_company,yes,nan,nan,greenfield,petroamazonas_ep,ongdzz
block_56_lago_agrio,oil_gas,ecuador,,in_production,petroamazonas_ep,1.0,1.0,ecuador,noc,national_oil_company,yes,nan,nan,greenfield,petroamazonas_ep,4aualg
block_57_shushufindi_libertador,oil_gas,ecuador,,in_production,petroamazonas_ep,1.0,1.0,ecuador,noc,national_oil_company,yes,nan,nan,full_asset_transaction,petroamazonas_ep,asmlhx
block_58_cuyabeno_tipishca,oil_gas,ecuador,,in_production,petroamazonas_ep,1.0,1.0,ecuador,noc,national_oil_company,yes,nan,nan,greenfield,petroamazonas_ep,tu7uem
block_59_vinita,oil_gas,ecuador,,in_production,petroamazonas_ep,1.0,0.0,ecuador,noc,national_oil_company,no,nan,nan,greenfield,petroamazonas_ep,yxp0u2
block_59_vinita,oil_gas,ecuador,,in_production,triboilgas,0.0,1.0,ecuador,other,other,yes,nan,nan,greenfield,triboilgas,sysgxz
block_60_sacha,oil_gas,ecuador,,in_production,petroamazonas_ep,1.0,1.0,ecuador,noc,national_oil_company,yes,nan,nan,greenfield,petroamazonas_ep,eft4cz
block_61_auca,oil_gas,ecuador,,in_production,petroamazonas_ep,1.0,1.0,ecuador,noc,national_oil_company,yes,nan,nan,greenfield,petroamazonas_ep,h4fbeu
block_64_palanda_yuca_sur,oil_gas,ecuador,,in_production,compania_sudamericana_de_fosforos_del_ecuador_fosforocomp,0.1,0.1,ecuador,local_ep,local_ep,yes,nan,nan,greenfield,compania_sudamericana_de_fosforos_del_ecuador_fosforocomp,d2itpf
block_64_palanda_yuca_sur,oil_gas,ecuador,,in_production,petroleos_sudamericanos_del_ecuador_petrolamerec,0.5,0.5,ecuador,local_ep,local_ep,yes,nan,nan,greenfield,petroleos_sudamericanos_del_ecuador_petrolamerec,wvjep5
block_65_pindo,oil_gas,ecuador,,in_production,compania_sudamericana_de_fosforos_del_ecuador_fosforocomp,0.1,0.1,ecuador,local_ep,local_ep,yes,nan,nan,greenfield,compania_sudamericana_de_fosforos_del_ecuador_fosforocomp,rnq5g6
block_65_pindo,oil_gas,ecuador,,in_production,petroleos_sudamericanos_del_ecuador_petrolamerec,0.5,0.5,ecuador,local_ep,local_ep,yes,nan,nan,greenfield,petroleos_sudamericanos_del_ecuador_petrolamerec,l9mou2
block_66_tiguino,oil_gas,ecuador,,in_production,petrobell_incgrantmining_sa,1.0,1.0,ecuador,local_ep,local_ep,yes,nan,nan,greenfield,petrobell_incgrantmining_sa,azuuvz
block_7_coca_payamino,oil_gas,ecuador,,in_production,petroamazonas_ep,1.0,1.0,ecuador,noc,national_oil_company,yes,nan,nan,greenfield,petroamazonas_ep,expgj0
block_74,oil_gas,ecuador,,in_exploration,petroamazonas_ep,1.0,1.0,ecuador,noc,national_oil_company,yes,nan,nan,greenfield,petroamazonas_ep,hk97ks
block_75,oil_gas,ecuador,,in_exploration,petroamazonas_ep,1.0,1.0,ecuador,noc,national_oil_company,yes,nan,nan,greenfield,petroamazonas_ep,ijqzqa
block_90_sahino,oil_gas,ecuador,,in_exploration,petroleos_sudamericanos_del_ecuador_petrolamerec,1.0,1.0,ecuador,local_ep,local_ep,yes,nan,nan,greenfield,petroleos_sudamericanos_del_ecuador_petrolamerec,7l5n7t
block_91_araza_este,oil_gas,ecuador,,in_exploration,petroleos_sudamericanos_del_ecuador_petrolamerec,1.0,1.0,ecuador,local_ep,local_ep,yes,nan,nan,greenfield,petroleos_sudamericanos_del_ecuador_petrolamerec,wu4exi
block_39,oil_gas,peru,,suspended,reliance_exploration__production_peru,0.1,0.0,india,international_ep,international_ep,no,nan,nan,full_asset_transaction,reliance_exploration__production_peru,4o1psp
punta_pescador,oil_gas,venezuela,,in_exploration,eni_lasmo_plc,0.4,1.0,italy,ioc,international_oil_company,yes,nan,nan,greenfield,eni_lasmo_plc,5rh6df
block_31c,oil_gas,peru,,in_production,aguaytia_energy_del_peru,1.0,1.0,peru,local_ep,local_ep,yes,nan,nan,full_asset_transaction,aguaytia_energy_del_peru,rfx1sd
block_39,oil_gas,peru,,suspended,pvep_peru,0.35,0.0,vietnam,international_ep,international_ep,no,nan,nan,full_asset_transaction,pvep_peru,qxnfeh
block_56,oil_gas,peru,,in_production,sk_innovation,0.176,0.176,south_korea,international_ep,international_ep,yes,nan,nan,greenfield,sk_innovation,eqfuux
block_64_block_morona,oil_gas,peru,,suspended,petroleos_del_peru_petroperu,0.25,1.0,peru,noc,national_oil_company,yes,nan,nan,full_asset_transaction,corporacion_fonafe,fdhpwu
block_8,oil_gas,peru,,in_production,sk_innovation,0.0833,0.0833,peru,local_ep,local_ep,yes,nan,nan,greenfield,sk_innovation,bt8bbr
block_88,oil_gas,peru,,in_production,sk_innovation,0.176,0.176,peru,local_ep,local_ep,yes,nan,nan,greenfield,sk_innovation,fypadp
amt84,oil_gas,brazil,,in_exploration,petrogal_brasil,0.4,0.0,portugal,international_ep,international_ep,no,nan,nan,greenfield,petrogal_brasil,qgm8wc
madidi,oil_gas,bolivia,,in_exploration,gazprom,0.5,0.0,russia,noc,national_oil_company,no,nan,nan,greenfield,gazprom,wjvdxb
solt151,oil_gas,brazil,,in_exploration,rosneft_brasil_ep,1.0,1.0,russia,noc,national_oil_company,yes,nan,nan,partial_change_in_equity,rosneft_brasil_ep,nu2nvr
solt168,oil_gas,brazil,,in_exploration,rosneft_brasil_ep,1.0,1.0,russia,noc,national_oil_company,yes,nan,nan,partial_change_in_equity,rosneft_brasil_ep,hg6mev
solt169,oil_gas,brazil,,in_exploration,rosneft_brasil_ep,1.0,1.0,russia,noc,national_oil_company,yes,nan,nan,partial_change_in_equity,rosneft_brasil_ep,g5iplx
solt170,oil_gas,brazil,,in_exploration,rosneft_brasil_ep,1.0,1.0,russia,noc,national_oil_company,yes,nan,nan,partial_change_in_equity,rosneft_brasil_ep,ii8wrw
solt174,oil_gas,brazil,,in_exploration,rosneft_brasil_ep,1.0,1.0,russia,noc,national_oil_company,yes,nan,nan,partial_change_in_equity,rosneft_brasil_ep,4vcdry
solt191,oil_gas,brazil,,in_exploration,rosneft_brasil_ep,1.0,1.0,russia,noc,national_oil_company,yes,nan,nan,partial_change_in_equity,rosneft_brasil_ep,j4cwqd
solt192,oil_gas,brazil,,in_exploration,rosneft_brasil_ep,1.0,1.0,russia,noc,national_oil_company,yes,nan,nan,partial_change_in_equity,rosneft_brasil_ep,4v9fkz
solt194,oil_gas,brazil,,in_exploration,rosneft_brasil_ep,1.0,1.0,russia,noc,national_oil_company,yes,nan,nan,partial_change_in_equity,rosneft_brasil_ep,n0xjjo
solt197,oil_gas,brazil,,in_exploration,rosneft_brasil_ep,1.0,1.0,russia,noc,national_oil_company,yes,nan,nan,partial_change_in_equity,rosneft_brasil_ep,jk8srt
solt214,oil_gas,brazil,,in_exploration,rosneft_brasil_ep,1.0,1.0,russia,noc,national_oil_company,yes,nan,nan,partial_change_in_equity,rosneft_brasil_ep,xvatv1
solt215,oil_gas,brazil,,in_exploration,rosneft_brasil_ep,1.0,1.0,russia,noc,national_oil_company,yes,nan,nan,partial_change_in_equity,rosneft_brasil_ep,1vkgpb
solt216,oil_gas,brazil,,in_exploration,rosneft_brasil_ep,1.0,1.0,russia,noc,national_oil_company,yes,nan,nan,partial_change_in_equity,rosneft_brasil_ep,3u1wpd
solt217,oil_gas,brazil,,in_exploration,rosneft_brasil_ep,1.0,1.0,russia,noc,national_oil_company,yes,nan,nan,partial_change_in_equity,rosneft_brasil_ep,du1jrl
block_52_ocano_pena_blanca,oil_gas,ecuador,,in_production,orion_energy_ocanopb,1.0,1.0,singapore,international_ep,international_ep,yes,nan,nan,greenfield,orion,lbde1k
block_53_singue,oil_gas,ecuador,,in_production,gente_oil_ecuador_pte_ltd,1.0,1.0,singapore,international_ep,international_ep,yes,nan,nan,greenfield,gente_oil_ecuador_pte_ltd,wzhmcy
block_54_enoron,oil_gas,ecuador,,in_production,orionoil_er_sa,1.0,1.0,singapore,international_ep,international_ep,yes,nan,nan,greenfield,orion,tsyugg
block_8,oil_gas,peru,,in_production,korea_national_oil_corporation,0.2,0.2,south_korea,noc,national_oil_company,yes,nan,nan,greenfield,korea_national_oil_corporation,qysuo4
block_8,oil_gas,peru,,in_production,posco_international,0.1167,0.1167,south_korea,other,other,yes,nan,nan,greenfield,posco_international,4ym1zc
palmar,oil_gas,bolivia,,in_exploration,dong_won_corporation,1.0,1.0,south_korea,other,other,yes,nan,nan,greenfield,dong_won_corporation,r58oun
amboro_espejos_norte1,oil_gas,bolivia,,in_exploration,ypfb_andina_repsol__ypfb__isnt_this_bolivia_noc,0.5,0.5,spain,ioc,international_oil_company,yes,nan,nan,greenfield,ypfb,lm71w5
amboro_espejos_norte2,oil_gas,bolivia,,in_exploration,ypfb_andina_repsol__ypfb,0.5,0.5,spain,ioc,international_oil_company,yes,nan,nan,greenfield,ypfb,3bcrmy
arroyo_negro,oil_gas,bolivia,,in_production,ypfb_andina_repsol__ypfb,0.5,0.5,spain,ioc,international_oil_company,yes,nan,nan,greenfield,ypfb,2freb5
block_103,oil_gas,peru,,in_exploration,repsol,1.0,1.0,spain,ioc,international_oil_company,yes,nan,nan,greenfield,repsol,mzifnm
block_131,oil_gas,peru,,in_production,compania_espanola_de_petroleos_cespa,1.0,1.0,spain,international_ep,international_ep,yes,nan,nan,partial_change_in_equity,cepsa,7nv5hd
block_16_iro,oil_gas,ecuador,,in_production,repsol_ecuador,0.35,1.0,spain,ioc,international_oil_company,yes,nan,nan,partial_change_in_equity,repsol,ioemj5
block_56,oil_gas,peru,,in_production,repsol,0.1,0.1,spain,ioc,international_oil_company,yes,nan,nan,greenfield,repsol,r31lky
block_57,oil_gas,peru,,in_production,repsol,0.5384,1.0,spain,ioc,international_oil_company,yes,nan,nan,greenfield,repsol,kcq0jf
block_67_tivacuno,oil_gas,ecuador,,in_production,repsol_ecuador,1.0,1.0,spain,ioc,international_oil_company,yes,nan,nan,greenfield,repsol,jmrjov
block_88,oil_gas,peru,,in_production,repsol,0.1,0.1,spain,ioc,international_oil_company,yes,nan,nan,greenfield,repsol,spsumq
block_lxiii,oil_gas,peru,,in_exploration,repsol_exploracion_guyana,1.0,1.0,spain,ioc,international_oil_company,yes,nan,nan,greenfield,repsol,b0jvqx
boqueron,oil_gas,bolivia,,in_production,ypfb_andina_repsol__ypfb,0.5,0.5,spain,ioc,international_oil_company,yes,nan,nan,greenfield,ypfb,qyubhz
cag_5,oil_gas,colombia,,in_production,repsol,0.5,0.0,spain,ioc,international_oil_company,no,nan,nan,greenfield,repsol,vmrdyr
cag_6,oil_gas,colombia,,in_exploration,talisman_colombia_oil__gas,0.4,0.0,canada,international_ep,international_ep,no,nan,nan,greenfield,talisman_colombia_oil__gas,wyufug
cambeiti,oil_gas,bolivia,,in_production,repsol_ep_bolivia,1.0,1.0,spain,ioc,international_oil_company,yes,nan,nan,greenfield,repsol,nubvbc
camiri,oil_gas,bolivia,,in_production,ypfb_andina_repsol__ypfb,0.5,0.5,spain,ioc,international_oil_company,yes,nan,nan,greenfield,ypfb,1qtzhv
carohuaicho_8b,oil_gas,bolivia,,in_exploration,ypfb_andina_repsol__ypfb,0.5,0.5,spain,ioc,international_oil_company,yes,nan,nan,greenfield,ypfb,bpczmd
carohuaicho_8d,oil_gas,bolivia,,in_exploration,ypfb_andina_repsol__ypfb,0.5,0.5,spain,ioc,international_oil_company,yes,nan,nan,greenfield,ypfb,hxy6ye
cascabel,oil_gas,bolivia,,in_production,ypfb_andina_repsol__ypfb,0.5,0.5,spain,ioc,international_oil_company,yes,nan,nan,greenfield,ypfb,3r4mha
cobra,oil_gas,bolivia,,in_production,ypfb_andina_repsol__ypfb,0.5,0.5,spain,ioc,international_oil_company,yes,nan,nan,greenfield,ypfb,9yzsyi
cpe_8,oil_gas,colombia,,in_exploration,talisman_colombia_oil__gas,0.5,1.0,canada,international_ep,international_oil_company,yes,nan,nan,greenfield,talisman_colombia_oil__gas,4iy1cs
cpo_14,oil_gas,colombia,,in_production,cepsa_colombia,1.0,1.0,spain,international_ep,international_ep,yes,nan,nan,greenfield,cepsa,q6tkw5
enconada,oil_gas,bolivia,,in_production,ypfb_andina_repsol__ypfb,0.5,0.5,spain,ioc,international_oil_company,yes,nan,nan,greenfield,ypfb,bnosif
guairuy,oil_gas,bolivia,,in_production,ypfb_andina_repsol__ypfb,0.5,0.5,spain,ioc,international_oil_company,yes,nan,nan,greenfield,ypfb,kycekb
los_penocos,oil_gas,bolivia,,in_production,ypfb_andina_repsol__ypfb,0.5,0.5,spain,ioc,international_oil_company,yes,nan,nan,greenfield,ypfb,0tp7kp
mamore,oil_gas,bolivia,,in_production,repsol_ep_bolivia,1.0,1.0,spain,ioc,international_oil_company,yes,nan,nan,greenfield,repsol,vtekgh
oriental,oil_gas,bolivia,,in_exploration,ypfb_andina_repsol__ypfb,0.5,0.5,spain,ioc,international_oil_company,yes,nan,nan,greenfield,ypfb,boj3dm
palacios,oil_gas,bolivia,,in_production,ypfb_andina_repsol__ypfb,0.5,0.5,spain,ioc,international_oil_company,yes,nan,nan,greenfield,ypfb,tz8jdv
patuju,oil_gas,bolivia,,in_production,ypfb_andina_repsol__ypfb,0.5,0.5,spain,ioc,international_oil_company,yes,nan,nan,greenfield,ypfb,rqx4pv
puerto_palos,oil_gas,bolivia,,in_production,ypfb_andina_repsol__ypfb,0.5,0.5,spain,ioc,international_oil_company,yes,nan,nan,greenfield,ypfb,xeac2y
putumayo_piedemonte_norte,oil_gas,colombia,,in_exploration,cepsa_colombia,0.3,0.0,spain,international_ep,international_ep,no,nan,nan,partial_change_in_equity,cepsa,2esqoi
rio_grande,oil_gas,bolivia,,in_production,ypfb_andina_repsol__ypfb,0.5,0.5,spain,ioc,international_oil_company,yes,nan,nan,greenfield,ypfb,s0i3e2
sirari,oil_gas,bolivia,,in_production,ypfb_andina_repsol__ypfb,0.5,0.5,spain,ioc,international_oil_company,yes,nan,nan,greenfield,ypfb,yf6rtv
surubi,oil_gas,bolivia,,in_production,repsol_ep_bolivia,1.0,1.0,spain,ioc,international_oil_company,yes,nan,nan,greenfield,repsol,tshmc0
surubi_noroeste,oil_gas,bolivia,,in_exploration,repsol_ep_bolivia,1.0,1.0,spain,ioc,international_oil_company,yes,nan,nan,greenfield,repsol,x0paap
vibora,oil_gas,bolivia,,in_production,ypfb_andina_repsol__ypfb,0.5,0.5,spain,ioc,international_oil_company,yes,nan,nan,greenfield,ypfb,iqf9gf
yapacani,oil_gas,bolivia,,in_production,ypfb_andina_repsol__ypfb,0.5,0.5,spain,ioc,international_oil_company,yes,nan,nan,greenfield,ypfb,qavbab
calcutta,oil_gas,suriname,,in_production,staatsolie_maatschappij_suriname_staatsolie,1.0,1.0,suriname,noc,national_oil_company,yes,nan,nan,greenfield,staatsolie,lzgzw9
tambaredjo,oil_gas,suriname,,in_production,staatsolie_maatschappij_suriname_staatsolie,1.0,1.0,suriname,noc,national_oil_company,yes,nan,nan,greenfield,staatsolie,zaygqe
uitkijk,oil_gas,suriname,,in_exploration,staatsolie_maatschappij_suriname_staatsolie,1.0,1.0,suriname,noc,national_oil_company,yes,nan,nan,greenfield,staatsolie,pogplo
block_16_iro,oil_gas,ecuador,,in_production,overseas_petroleum_and_investment_corporation,0.31,0.0,taiwan,noc,national_oil_company,no,nan,nan,partial_change_in_equity,overseas_petroleum_and_investment_corporation,fzru7p
block_17_hormiguero,oil_gas,ecuador,,in_production,overseas_petroleum_and_investment_corporation,0.5,0.5,taiwan,noc,national_oil_company,yes,nan,nan,greenfield,overseas_petroleum_and_investment_corporation,muojbg
block_8,oil_gas,peru,,in_production,pluspetrol_resources_corp,0.33,0.33,the_netherlands,international_ep,international_ep,yes,nan,nan,greenfield,pluspetrol,u7bfbu
nickerie,oil_gas,suriname,,in_exploration,decker_petroleum_marketing,1.0,1.0,trinidad_and_tobago,other,other,yes,nan,nan,greenfield,decker_petroleum_marketing,dlz4lw
block_39,oil_gas,peru,,suspended,perenco,0.55,1.0,uk,international_ep,international_ep,yes,nan,nan,full_asset_transaction,perenco,g9p4zu
block_67,oil_gas,peru,,in_production,perenco_peru_petroleum,1.0,1.0,uk,international_ep,international_ep,yes,nan,nan,partial_change_in_equity,perenco,mgwcej
petrowarao,oil_gas,venezuela,,in_production,perenco_venezuela_petroleo_y_gas,0.4,1.0,uk,international_ep,international_ep,yes,nan,nan,greenfield,perenco,vqxlye
weg_naar_zee,oil_gas,suriname,,in_exploration,columbus_energy_resources,1.0,1.0,uk,international_ep,international_ep,yes,nan,nan,greenfield,columbus_energy_resources,gedsfz
block_107,oil_gas,peru,,in_exploration,petrotal,1.0,1.0,usa,international_ep,international_ep,yes,nan,nan,greenfield,petrotal,gf1bpf
block_45_puma,oil_gas,ecuador,,in_production,joshi_technologies_international,0.1,0.1,usa,other,other,yes,nan,nan,greenfield,joshi_technologies_international,upkeok
block_56,oil_gas,peru,,in_production,hunt_oil_company_of_peru,0.252,0.252,usa,international_ep,international_ep,yes,nan,nan,greenfield,hunt_oil_company,nwb676
block_88,oil_gas,peru,,in_production,hunt_oil_company_of_peru,0.252,0.252,usa,international_ep,international_ep,yes,nan,nan,greenfield,hunt_oil_company,tewkbr
block_95,oil_gas,peru,,in_production,petrotal,1.0,1.0,usa,international_ep,international_ep,yes,nan,nan,mergeracquisition,petrotal,amf71u
mecaya,oil_gas,colombia,,in_exploration,occidental_andina_llc,0.5,0.0,usa,ioc,international_oil_company,no,nan,nan,partial_change_in_equity,occidental_andina_llc,otv621
naranjillos,oil_gas,bolivia,,in_production,vintage_petroleum_boliviana,1.0,1.0,usa,ioc,international_oil_company,yes,nan,nan,greenfield,vintage_petroleum,cdgrok
put_1,oil_gas,colombia,,in_production,lewis_energy_colombia,0.45,0.0,usa,international_ep,international_ep,no,nan,nan,greenfield,lewis_energy_colombia,s2cwol
put_9,oil_gas,colombia,,in_exploration,occidental_petroleum_corporation,0.5,0.0,usa,ioc,international_oil_company,no,nan,nan,greenfield,occidental_petroleum_corporation,08y6da
lliquimuni,oil_gas,bolivia,,in_exploration,pdvsa,0.4,0.4,venezuela,noc,national_oil_company,yes,nan,nan,greenfield,pdvsa,ylei6t
petrodelta,oil_gas,venezuela,,in_production,corporacion_venezolana_del_petroleo_cvp,0.5,0.5,venezuela,noc,national_oil_company,yes,nan,nan,partial_change_in_equity,corporacion_venezolana_del_petroleo_cvp,h01luu
petrodelta,oil_gas,venezuela,,in_production,ct_energy_holding,0.5,0.5,venezuela,local_ep,local_ep,yes,nan,nan,partial_change_in_equity,ct_energy_holding,n6feke
petrowarao,oil_gas,venezuela,,in_production,corporacion_venezolana_del_petroleo_cvp,0.6,0.0,venezuela,noc,national_oil_company,no,nan,nan,greenfield,corporacion_venezolana_del_petroleo_cvp,x9f6dt
punta_pescador,oil_gas,venezuela,,in_exploration,corporacion_venezolana_del_petroleo_cvp,0.6,0.0,venezuela,noc,national_oil_company,no,nan,nan,greenfield,corporacion_venezolana_del_petroleo_cvp,odacqi
antas_north,mining,brazil,,nan,avb_mineracao,1.0,1.0,australia,small_to_midtier_producer,small_to_midtier_producer,yes,private_equity_private_equity_commercial_bank,copper_gold,mergeracquisition,avanco_resources,fywmcz
apiacas,mining,brazil,,nan,altamira_gold,1.0,1.0,canada,junior_exploration,junior_exploration,yes,nan,gold,mergeracquisition,altamira_gold,uvpbvl
araguaia_phase_1,mining,brazil,,nan,horizonte_minerals,1.0,1.0,uk,junior_exploration,junior_exploration,yes,private_equity_commercial_bank_investment_bank_investment_bank_investment_bank_investment_bank,nickel,greenfield,horizonte_minerals,coaoc7
araguaia_phase_2,mining,brazil,,nan,horizonte_minerals,1.0,1.0,uk,junior_exploration,junior_exploration,yes,private_equity,nickel,greenfield,horizonte_minerals,dvibob
arakaka,mining,guyana,,nan,alicanto_minerals,1.0,1.0,australia,junior_exploration,junior_exploration,yes,nan,gold,mergeracquisition,alicanto_minerals,yj4buu
aremu_north,mining,guyana,,nan,barrick_gold,0.5,0.5,canada,major,major,yes,nan,gold,greenfield,barrick_gold,zfxgsw
aremu_north,mining,guyana,,nan,reunion_gold,0.5,0.5,canada,junior_exploration,junior_exploration,yes,nan,gold,greenfield,reunion_gold,gcmozq
ariana,mining,peru,,nan,ariana_operaciones_mineras,1.0,1.0,peru,small_to_midtier_producer,small_to_midtier_producer,yes,nan,copper_silver_zinc,greenfield,ariana_operaciones_mineras,qr2vlx
aripuana,mining,brazil,,nan,mineracao_dardanelos,1.0,1.0,brazil,other,other,yes,domestic_development_bankfund,copper_lead_zinc,mergeracquisition,mineracao_dardanelos,ip6p1z
aurizona,mining,brazil,,nan,mineracao_aurizona,1.0,1.0,canada,major,major,yes,domestic_development_bankfund_royalty_streaming_private_equity_private_equity,copper_gold,mergeracquisition,mineracao_aurizona,dk9gti
aurora_cuyuni,mining,guyana,,nan,guyana_goldfields,1.0,1.0,china,soe,stateowned_enterprise,yes,multilateral_development_bank_foreign_development_bankfund_investment_bank_nonbank_financial_institution_commercial_bank,gold,greenfield,guyana_goldfields,k9w4xv
b2_tin_tailings_reprocessing_san_rafael,mining,peru,,nan,minsur,1.0,1.0,peru,other,other,yes,nan,tin,greenfield,minsur,i6dtyn
batistao,mining,brazil,,nan,goldmining,1.0,1.0,canada,junior_exploration,junior_exploration,yes,investment_bank,gold,greenfield,goldmining,czh8u9
bendi,mining,peru,,nan,palamina,1.0,1.0,canada,junior_exploration,junior_exploration,yes,nan,gold,greenfield,palamina,xvl5tq
bishop_growler,mining,guyana,,nan,goldsource_mines,0.5,0.5,canada,small_to_midtier_producer,small_to_midtier_producer,yes,nan,gold,greenfield,goldsource_mines,1ofyzt
bishop_growler,mining,guyana,,nan,kilroy_mining,0.5,0.5,canada,small_to_midtier_producer,small_to_midtier_producer,yes,nan,gold,greenfield,kilroy_mining,jmqmon
boa_vista,mining,brazil,,nan,boa_vista_gold,1.0,1.0,canada,junior_exploration,junior_exploration,yes,nan,gold,mergeracquisition,boa_vista_gold,2pgouq
bom_futuro,mining,brazil,,nan,cooperativa_de_garimpeiros_de_santa_cruz,0.5,0.33,brazil,other,other,yes,nan,tin,greenfield,cooperativa_de_garimpeiros_de_santa_cruz,38i7zd
bom_futuro,mining,brazil,,nan,cooperativa_metalurgica_de_rondonia_ltda,0.5,0.33,brazil,other,other,yes,nan,tin,greenfield,cooperativa_metalurgica_de_rondonia_ltda,sbiq7b
bom_futuro,mining,brazil,,nan,meridian_mineracao_jaburi,0.0,0.33,uk,small_to_midtier_producer,small_to_midtier_producer,yes,nan,tin,greenfield,meridian_mining,7lzxry
bon_espoir,mining,french_guiana,,nan,auplata_mining_group,0.49,0.49,france,small_to_midtier_producer,small_to_midtier_producer,yes,nan,gold,full_asset_transaction,auplata_mining_group,tavwtn
bon_espoir,mining,french_guiana,,nan,newmont_corporation,0.51,0.51,usa,major,major,yes,nan,gold,greenfield,newmont_corporation,nvtarw
bonasika,mining,guyana,,nan,first_bauxite,1.0,1.0,canada,junior_exploration,junior_exploration,yes,private_equity,bauxite,mergeracquisition,first_bauxite,a0vccj
bongara,mining,peru,,nan,zinc_one_resources,1.0,1.0,canada,junior_exploration,junior_exploration,yes,nan,lead_zinc,greenfield,zinc_one_resources,td7der
boulanger,mining,french_guiana,,nan,reunion_gold,1.0,1.0,canada,junior_exploration,junior_exploration,yes,nan,gold,mergeracquisition,reunion_gold,v61gny
cajueiro,mining,brazil,,nan,alta_floresta_gold_mineracao,1.0,1.0,canada,junior_exploration,junior_exploration,yes,royalty_streaming,gold,full_asset_transaction,alta_floresta_gold_mineracao,pdrxep
castelo_de_sonhos,mining,brazil,,nan,tristar_gold,1.0,1.0,usa,junior_exploration,junior_exploration,yes,royalty_streaming,gold,full_asset_transaction,tristar_gold,kefzrq
centrogold,mining,brazil,,nan,avanco_resources,1.0,1.0,australia,small_to_midtier_producer,small_to_midtier_producer,yes,nan,gold,mergeracquisition,avanco_resources,1jgllz
cisne_victoria,mining,ecuador,,nan,cruz_del_sol,1.0,1.0,australia,junior_exploration,junior_exploration,yes,nan,copper_gold,greenfield,cruz_del_sol,iyfblv
condor,mining,ecuador,,nan,luminex_resources,0.9,1.0,canada,junior_exploration,junior_exploration,yes,nan,copper_gold_silver,mergeracquisition,luminex_resources,nm4yn4
condor,mining,ecuador,,nan,instituto_de_seguridad_social_de_las_fuerzas_armadas,0.1,0.0,ecuador,other,other,no,nan,copper_gold_silver,mergeracquisition,instituto_de_seguridad_social_de_las_fuerzas_armadas,t5bja0
coringa,mining,brazil,,nan,serabi_gold,1.0,1.0,uk,small_to_midtier_producer,small_to_midtier_producer,yes,nan,gold,mergeracquisition,serabi_gold,n5nv33
crepori,mining,brazil,,nan,mineracao_do_para,1.0,1.0,brazil,junior_exploration,junior_exploration,yes,nan,gold,full_asset_transaction,mineracao_do_para,p03vij
cristalino,mining,brazil,,nan,vale,1.0,1.0,brazil,major,major,yes,domestic_development_bankfund,copper,greenfield,vale,95daas
cuiu_cuiu,mining,brazil,,nan,cabral_gold,1.0,1.0,canada,junior_exploration,junior_exploration,yes,nan,gold,mergeracquisition,cabral_gold,udadub
cumarugradaus,mining,brazil,,nan,mineracao_iraja_sa,1.0,1.0,brazil,junior_exploration,junior_exploration,no_information_available,nan,gold,full_asset_transaction,mineracao_iraja_sa,hbuftb
dorlin,mining,french_guiana,,nan,societe_miniere_yaoudorlin,1.0,0.0,france,small_to_midtier_producer,small_to_midtier_producer,no,nan,gold,full_asset_transaction,societe_miniere_yaoudorlin,xpfd38
dorlin,mining,french_guiana,,nan,reunion_gold,0.0,1.0,canada,junior_exploration,junior_exploration,yes,nan,gold,full_asset_transaction,reunion_gold,70l0z6
eagle_mountain,mining,guyana,,nan,stronghold_guyana,1.0,0.5,canada,small_to_midtier_producer,small_to_midtier_producer,yes,holding_company,gold,partial_change_in_equity,stronghold_guyana,1lc0ta
eagle_mountain,mining,guyana,,nan,kilroy_mining,0.0,0.5,canada,small_to_midtier_producer,small_to_midtier_producer,yes,holding_company,gold,partial_change_in_equity,kilroy_mining,uyqjpb
ernesto_pauapique,mining,brazil,,nan,aura_minerals,1.0,1.0,british_virgin_islands,small_to_midtier_producer,small_to_midtier_producer,yes,nan,gold,full_asset_transaction,aura_minerals,bgsow6
esperance_gold_mine,mining,french_guiana,,nan,compagnie_miniere_esperance,0.5,0.0,france,small_to_midtier_producer,small_to_midtier_producer,no,nan,gold,partial_change_in_equity,compagnie_miniere_esperance,kzk9vv
esperance_gold_mine,mining,french_guiana,,nan,newmont_corporation,0.5,1.0,usa,major,major,yes,nan,gold,partial_change_in_equity,newmont_corporation,4yeqih
espigao,mining,brazil,,nan,meridian_mineracao_jaburi,1.0,1.0,uk,small_to_midtier_producer,small_to_midtier_producer,yes,private_equity,manganese,greenfield,meridian_mining,swrei5
falcao,mining,brazil,,nan,falcao_mineradora,1.0,1.0,brazil,junior_exploration,junior_exploration,yes,nan,gold,greenfield,falcao_mineradora,ytizse
falchani,mining,peru,,nan,macusani_yellowcake,1.0,1.0,canada,junior_exploration,junior_exploration,yes,nan,lithium,greenfield,macusani_yellowcake,fro9j5
fila_larga_98,mining,peru,,nan,cementos_selva,1.0,1.0,peru,other,other,no,nan,pozzolana,greenfield,cementos_selva,asw7gl
florida_canyon,mining,peru,,nan,votorantim_metais,0.61,1.0,brazil,other,other,yes,nan,lead_molybdenum_silver_zinc,greenfield,votorantim_metais,bgnx8w
florida_canyon,mining,peru,,nan,solitario_exploration,0.39,0.0,usa,junior_exploration,junior_exploration,no,nan,lead_molybdenum_silver_zinc,mergeracquisition,solitario_exploration,so9gfu
fortuna,mining,ecuador,,nan,lucky_minerals,1.0,1.0,canada,junior_exploration,junior_exploration,yes,nan,copper_gold,mergeracquisition,lucky_minerals,djerrd
fruta_del_norte,mining,ecuador,,nan,lundin_gold,1.0,1.0,canada,junior_exploration,junior_exploration,yes,holding_company_private_equity_private_equity_investment_bank_investment_bank_nonbank_financial_institution_commercial_bank_investment_bank_foreign_development_bankfund_commercial_bank,gold,full_asset_transaction,lundin_gold,5ikeyf
gaban,mining,peru,,nan,winshear_gold,1.0,0.0,canada,junior_exploration,junior_exploration,no,nan,gold,greenfield,winshear_gold,5uxckq
gaban,mining,peru,,nan,palamina,0.0,1.0,canada,junior_exploration,junior_exploration,yes,nan,gold,greenfield,palamina,ayeh4j
haute_mana,mining,french_guiana,,nan,union_miniere_de_saul,1.0,0.0,french_guiana,junior_exploration,junior_exploration,no,nan,gold,full_asset_transaction,union_miniere_de_saul,d0ft4e
haute_mana,mining,french_guiana,,nan,reunion_gold,0.0,1.0,canada,junior_exploration,junior_exploration,yes,nan,gold,full_asset_transaction,reunion_gold,f59zuk
itaituba,mining,brazil,,nan,lara_exploration,1.0,1.0,canada,junior_exploration,junior_exploration,yes,nan,titanium_vanadium,greenfield,lara_exploration,utq3y4
itapitanga,mining,brazil,,nan,centaurus_metals,0.5,0.0,australia,junior_exploration,junior_exploration,no,nan,cobalt_nickel,greenfield,centaurus_metals,ftkcv3
itapitanga,mining,brazil,,nan,the_simulus_group,0.5,1.0,australia,other,other,yes,nan,cobalt_nickel,greenfield,the_simulus_group,39fetz
jaguar_nickel_sulphide_project,mining,brazil,,nan,centaurus_metals,1.0,1.0,australia,junior_exploration,junior_exploration,yes,nan,nickel,full_asset_transaction,centaurus_metals,iebr54
jubilee_creek,mining,guyana,,nan,g2_goldfields,1.0,1.0,canada,junior_exploration,junior_exploration,yes,nan,gold,greenfield,g2_goldfields,kmb2kw
juma_east,mining,brazil,,nan,bbx_minerals,1.0,1.0,australia,junior_exploration,junior_exploration,yes,nan,gold,greenfield,bbx_minerals,tjqeqw
juruena,mining,brazil,,nan,meteoric_resources,1.0,1.0,australia,junior_exploration,junior_exploration,yes,nan,gold,full_asset_transaction,meteoric_resources,7xc9kt
karouni,mining,guyana,,nan,troy_resources,1.0,1.0,australia,small_to_midtier_producer,small_to_midtier_producer,yes,investment_bank,gold,mergeracquisition,troy_resources,nefaul
kurupung_batholith,mining,guyana,,nan,u3o8_corporation,1.0,1.0,canada,junior_exploration,junior_exploration,yes,nan,uranium,greenfield,u3o8_corporation,mgsoxl
la_granja,mining,peru,,nan,rio_tinto,1.0,1.0,uk,major,major,yes,nan,copper,greenfield,rio_tinto,1h5rus
la_hueca,mining,ecuador,,nan,cruz_del_sol,1.0,1.0,australia,junior_exploration,junior_exploration,yes,nan,copper_gold,greenfield,cruz_del_sol,q6kjyc
las_bambas,mining,peru,,nan,mmg_limited,0.33,0.33,china,soe,stateowned_enterprise,yes,foreign_development_bankfund_commercial_bank_commercial_bank_foreign_development_bankfund,copper_molybdenum,full_asset_transaction,mmg_limited,gbnzh8
las_bambas,mining,peru,,nan,citic_metal_co_ltd,0.33,0.33,china,other,other,yes,foreign_development_bankfund_commercial_bank_commercial_bank_foreign_development_bankfund,copper_molybdenum,full_asset_transaction,citic_metal_co_ltd,pqghes
las_bambas,mining,peru,,nan,guoxin_international_investment_co,0.33,0.33,china,other,other,yes,foreign_development_bankfund_commercial_bank_commercial_bank_foreign_development_bankfund,copper_molybdenum,full_asset_transaction,guoxin_international_investment_co,nikezq
las_cristinas,mining,venezuela,,nan,corporacion_venezolana_de_guayana_cvg,1.0,1.0,venezuela,soe,stateowned_enterprise,no_information_available,foreign_development_bankfund,gold,greenfield,cvg,zdyoor
las_huaquillas,mining,peru,,nan,rial_minera,1.0,1.0,peru,junior_exploration,junior_exploration,yes,nan,copper_gold_silver_molybdenum_zinc,full_asset_transaction,rial_minera,ehjwe5
liberdade,mining,brazil,,nan,lara_exploration,0.5,1.0,canada,junior_exploration,junior_exploration,yes,nan,copper,greenfield,lara_exploration,smj7zk
liberdade,mining,brazil,,nan,codelco_do_brasil_mineracao,0.5,0.0,chile,soe,stateowned_enterprise,no,nan,copper,greenfield,codelco_do_brasil_mineracao,zpmveh
luna_greenfields,mining,brazil,,nan,equinox_gold,1.0,1.0,canada,major,major,yes,nan,gold,mergeracquisition,equinox_gold,gfpfrw
machado,mining,colombia,,nan,cosigo_resources,1.0,1.0,canada,small_to_midtier_producer,small_to_midtier_producer,yes,nan,gold,greenfield,cosigo_resources,firenx
mantaro,mining,peru,,nan,stonegate_agricom,1.0,1.0,cayman_islands,other,other,yes,nan,phosphate,mergeracquisition,stonegate_agricom,vtc149
maravaia,mining,brazil,,nan,tessarema_resources_inc,0.6,0.6,canada,junior_exploration,junior_exploration,yes,holding_company,copper_gold,full_asset_transaction,tessarema_resources_inc,vzbj00
maravaia,mining,brazil,,nan,lara_exploration,0.4,0.4,canada,junior_exploration,junior_exploration,yes,holding_company,copper_gold,full_asset_transaction,lara_exploration,xae1op
maripa,mining,french_guiana,,nan,orea_mining,0.5,1.0,canada,junior_exploration,junior_exploration,yes,nan,gold,greenfield,orea_mining,s5eevy
maripa,mining,french_guiana,,nan,iamgold,0.5,0.0,canada,small_to_midtier_producer,small_to_midtier_producer,no,nan,gold,greenfield,iamgold,hyv8p2
marudi,mining,guyana,,nan,romanex_guyana_exploration,1.0,1.0,canada,junior_exploration,junior_exploration,yes,private_equity_private_equity_private_equity,gold,greenfield,romanex_guyana_exploration,ilbqrx
matupa,mining,brazil,,nan,aura_minerals,1.0,1.0,british_virgin_islands,small_to_midtier_producer,small_to_midtier_producer,yes,nan,gold_silver,mergeracquisition,aura_minerals,d736bt
merian,mining,suriname,,nan,newmont_corporation,0.75,1.0,usa,major,major,yes,nan,gold,partial_change_in_equity,newmont_corporation,f26xnz
merian,mining,suriname,,nan,staatsolie_maatschappij_suriname_staatsolie,0.25,0.0,suriname,other,other,no,nan,gold,partial_change_in_equity,staatsolie,otygd1
mineracao_paragominas,mining,brazil,,nan,norsk_hydro,1.0,1.0,norway,major,major,yes,nan,bauxite,full_asset_transaction,norsk_hydro,f71i42
mirador,mining,ecuador,,nan,ecuacorriente,1.0,1.0,china,soe,stateowned_enterprise,yes,commercial_bank_commercial_bank_foreign_development_bankfund_commercial_bank_commercial_bank_foreign_development_bankfund,copper_silver_gold,greenfield,ecuacorriente,zoexok
mirante_da_serra,mining,brazil,,nan,meridian_mining,1.0,1.0,uk,small_to_midtier_producer,small_to_midtier_producer,yes,nan,manganese,greenfield,meridian_mining,wosdec
mocoa,mining,colombia,,nan,libero_copper,1.0,1.0,canada,junior_exploration,junior_exploration,yes,nan,copper_molybdenum,mergeracquisition,libero_copper,94mrtv
montagne_dor,mining,french_guiana,,nan,orea_mining,0.45,1.0,canada,junior_exploration,junior_exploration,yes,nan,gold,partial_change_in_equity,orea_mining,wltw7y
montagne_dor,mining,french_guiana,,nan,nordgold,0.55,0.0,russia,small_to_midtier_producer,small_to_midtier_producer,no,nan,gold,partial_change_in_equity,nordgold,kdksih
montes_aureos,mining,brazil,,nan,goldmining,0.51,1.0,canada,junior_exploration,junior_exploration,yes,nan,gold,partial_change_in_equity,goldmining,upmkca
montes_aureos,mining,brazil,,nan,apoio_engenharia_e_mineracao,0.49,0.0,brazil,other,other,no,nan,gold,partial_change_in_equity,apoio_engenharia_e_mineracao,7xh6ct
morabisi,mining,guyana,,nan,guyana_strategic_metals,0.5,1.0,canada,junior_exploration,junior_exploration,yes,nan,lithium_tantalum,greenfield,guyana_strategic_metals,kggtme
morabisi,mining,guyana,,nan,greenpower_energy_limited,0.5,0.0,australia,other,other,no,nan,lithium_tantalum,greenfield,greenpower_energy_limited,da1jog
ollachea,mining,peru,,nan,minera_irl,1.0,1.0,australia,other,other,yes,investment_bank_domestic_development_bankfund_investment_bank,gold,full_asset_transaction,minera_irl,cdmwtb
onca_puma,mining,brazil,,nan,vale,1.0,1.0,brazil,major,major,yes,nan,nickel,greenfield,vale,mjtc26
orquideascascas,mining,ecuador,,nan,luminex_resources,1.0,1.0,canada,junior_exploration,junior_exploration,yes,nan,copper_molybdenum,greenfield,luminex_resources,4apqjf
pampa_colorada,mining,peru,,nan,origen_group,1.0,1.0,china,other,other,yes,nan,gold,full_asset_transaction,origen_group,rramr7
pampa_verde,mining,peru,,nan,rio_tinto_minera_peru_limitada,1.0,1.0,uk,major,major,yes,nan,copper_molybdenum,greenfield,rio_tinto,pu5u2q
panantzasan_carlos,mining,ecuador,,nan,explorcobres,1.0,1.0,china,soe,stateowned_enterprise,yes,nan,copper_gold_molybdenum_silver,greenfield,explorcobres,mdpuv1
pantera,mining,brazil,,nan,avanco_resources,1.0,1.0,australia,small_to_midtier_producer,small_to_midtier_producer,yes,nan,copper,full_asset_transaction,avanco_resources,rj8bru
pebas,mining,brazil,,nan,centaurus_metals,1.0,1.0,australia,junior_exploration,junior_exploration,yes,nan,copper_gold,greenfield,centaurus_metals,3mss5o
planalto,mining,brazil,,nan,lara_exploration,0.5,0.0,canada,junior_exploration,junior_exploration,no,nan,copper,greenfield,lara_exploration,fmf6bm
planalto,mining,brazil,,nan,capstone_mining,0.5,1.0,canada,small_to_midtier_producer,small_to_midtier_producer,yes,nan,copper,greenfield,capstone_mining,ohkrbc
porvenir,mining,ecuador,,nan,solgold,1.0,1.0,australia,junior_exploration,junior_exploration,yes,nan,copper,greenfield,solgold,pmazir
quartzstone_gold_project,mining,guyana,,nan,wbd_gold,1.0,1.0,guyana,junior_exploration,junior_exploration,yes,nan,gold,greenfield,wbd_gold,rwoyxw
rhea,mining,french_guiana,,nan,orea_mining,1.0,1.0,canada,junior_exploration,junior_exploration,yes,nan,gold,greenfield,orea_mining,w76dyd
rio_blanco,mining,peru,,nan,rio_blanco_copper,1.0,1.0,china,soe,stateowned_enterprise,yes,commercial_bank_commercial_bank_commercial_bank_commercial_bank_investment_bank,copper_molybdenum,greenfield,rio_blanco_copper,raur1f
rio_zarza,mining,ecuador,,nan,tempus_resources_limited,1.0,1.0,australia,junior_exploration,junior_exploration,yes,investment_bank_investment_bank_nonbank_financial_institution_commercial_bank_investment_bank_foreign_development_bankfund_commercial_bank,gold_silver,full_asset_transaction,tempus_resources_limited,6bhtep
rioja,mining,peru,,nan,cementos_selva,1.0,1.0,peru,other,other,no,nan,clays_calcite_limestone,greenfield,cementos_selva,clumni
rosebel,mining,suriname,,nan,iamgold,1.0,1.0,canada,small_to_midtier_producer,small_to_midtier_producer,yes,nan,gold,greenfield,iamgold,ygg3sq
s11d_carajas_serra_sul,mining,brazil,,nan,vale,1.0,1.0,brazil,major,major,yes,domestic_development_bankfund,iron_ore,greenfield,vale,xl89jn
saintelie,mining,french_guiana,,nan,societe_des_mines_de_saintelie,1.0,1.0,france,small_to_midtier_producer,small_to_midtier_producer,yes,nan,gold,greenfield,societe_des_mines_de_saintelie,y14ab5
salinas_pilluana,mining,peru,,nan,quimpac,1.0,1.0,peru,other,other,no,nan,salt,greenfield,quimpac,kku6kl
salobo_i_ii_iii,mining,brazil,,nan,vale,1.0,1.0,brazil,major,major,yes,domestic_development_bankfund,copper,greenfield,vale,t8jfqj
salobo_west_i__ii,mining,brazil,,nan,vale,1.0,1.0,brazil,major,major,yes,nan,copper_gold,greenfield,vale,lgceml
san_martin,mining,peru,,nan,hannan_metals,1.0,1.0,canada,junior_exploration,junior_exploration,yes,nan,copper_silver,greenfield,hannan_metals,ooj5f1
san_simon,mining,bolivia,,nan,steinmar,1.0,1.0,bolivia,small_to_midtier_producer,small_to_midtier_producer,yes,nan,gold,mergeracquisition,steinmar,tliax5
santa_helena,mining,brazil,,nan,altamira_gold,1.0,1.0,canada,junior_exploration,junior_exploration,yes,nan,copper_gold,greenfield,altamira_gold,t3j1c9
sao_chico,mining,brazil,,nan,serabi_gold,1.0,1.0,uk,small_to_midtier_producer,small_to_midtier_producer,yes,private_equity,gold,mergeracquisition,serabi_gold,inwlxh
sao_jorge,mining,brazil,,nan,goldmining,1.0,1.0,canada,junior_exploration,junior_exploration,yes,nan,gold,mergeracquisition,goldmining,x22fb5
saramacca,mining,suriname,,nan,iamgold,0.7,0.5,canada,small_to_midtier_producer,small_to_midtier_producer,yes,nan,gold,greenfield,iamgold,jvtrcf
saramacca,mining,suriname,,nan,staatsolie_maatschappij_suriname_staatsolie,0.3,0.5,suriname,soe,stateowned_enterprise,yes,nan,gold,greenfield,staatsolie,j3twc2
serra_pelada,mining,brazil,,nan,colossus_minerals,0.75,1.0,canada,small_to_midtier_producer,small_to_midtier_producer,yes,private_equity,gold_platinum,full_asset_transaction,colossus_minerals,9iq0io
serra_pelada,mining,brazil,,nan,cooperativa_de_mineracao_dos_garimpeiros_de_serra_pelada,0.25,0.0,brazil,other,other,no,private_equity,gold_platinum,full_asset_transaction,cooperativa_de_mineracao_dos_garimpeiros_de_serra_pelada,h79mkn
siembra_minera,mining,venezuela,,nan,corporacion_venezolana_de_mineria_cvm,0.55,0.55,venezuela,soe,stateowned_enterprise,yes,nan,gold,greenfield,corporacion_venezolana_de_mineria_cvm,zac7lg
siembra_minera,mining,venezuela,,nan,gold_reserve,0.45,0.45,usa,junior_exploration,junior_exploration,yes,nan,gold,greenfield,gold_reserve,4uahuc
sosa_mendez_mine_reactivation,mining,venezuela,,nan,corporacion_venezolana_de_guayana_minerven,1.0,1.0,venezuela,soe,stateowned_enterprise,yes,nan,gold,partial_change_in_equity,cvg,x9tzmn
surubim,mining,brazil,,nan,goldmining,1.0,1.0,canada,junior_exploration,junior_exploration,yes,commercial_bank_commercial_bank,gold,greenfield,goldmining,d68dhb
tarqui,mining,ecuador,,nan,luminex_resources,0.5,0.0,canada,junior_exploration,junior_exploration,no,nan,copper_gold_molybdenum_silver,greenfield,luminex_resources,usgb1w
tarqui,mining,ecuador,,nan,bhp_group,0.5,1.0,australia,major,major,yes,nan,copper_gold_molybdenum_silver,greenfield,bhp_group,knyztd
tassawini,mining,guyana,,nan,stratagold_guyana,1.0,1.0,australia,junior_exploration,junior_exploration,yes,nan,gold,mergeracquisition,stratagold_guyana,pdwyqp
the_lost_citiescutucu,mining,ecuador,,nan,aurania_resources,1.0,1.0,canada,junior_exploration,junior_exploration,yes,nan,gold_silver_zinc,greenfield,aurania_resources,requce
tibiti,mining,suriname,,nan,harvest_gold,1.0,1.0,canada,junior_exploration,junior_exploration,yes,nan,gold,mergeracquisition,harvest_gold,c6dg7e
timbara,mining,ecuador,,nan,solgold,1.0,1.0,australia,junior_exploration,junior_exploration,yes,nan,copper_gold,greenfield,solgold,htirfx
tocantinzinho,mining,brazil,,nan,brazauro_recursos_minerais,1.0,1.0,canada,small_to_midtier_producer,small_to_midtier_producer,yes,nan,gold,mergeracquisition,brazauro_recursos_minerais,qpzios
toroparu,mining,guyana,,nan,gold_x_mining_corp,1.0,1.0,canada,junior_exploration,junior_exploration,yes,nan,gold,mergeracquisition,goldmining,m9msex
trinta,mining,brazil,,nan,goldmining,1.0,1.0,canada,junior_exploration,junior_exploration,yes,investment_bank,gold,greenfield,goldmining,wrqrjb
trombetas,mining,brazil,,nan,vale,0.4,0.4,brazil,major,major,yes,nan,bauxite,greenfield,vale,ata3ja
trombetas,mining,brazil,,nan,alcoa_corporation,0.182,0.182,usa,major,major,yes,nan,bauxite,greenfield,alcoa_corporation,4hofcc
trombetas,mining,brazil,,nan,companhia_brasileira_de_aluminio,0.1,0.1,brazil,small_to_midtier_producer,small_to_midtier_producer,yes,nan,bauxite,greenfield,companhia_brasileira_de_aluminio,3bmunp
trombetas,mining,brazil,,nan,norsk_hydro,0.05,0.05,norway,major,major,yes,nan,bauxite,greenfield,norsk_hydro,vio79h
trombetas,mining,brazil,,nan,rio_tinto,0.12,0.12,uk,major,major,yes,nan,bauxite,greenfield,rio_tinto,vv452y
trombetas,mining,brazil,,nan,south32,0.148,0.148,australia,major,major,yes,nan,bauxite,greenfield,south32,mfqpej
tucano,mining,brazil,,nan,great_panther_mining_limited,1.0,1.0,canada,small_to_midtier_producer,small_to_midtier_producer,yes,investment_bank,gold,full_asset_transaction,great_panther_mining_limited,tqfzh8
tucuma,mining,brazil,,nan,soma_gold,1.0,1.0,canada,junior_exploration,junior_exploration,yes,nan,gold,full_asset_transaction,soma_gold,vgo216
uniao,mining,brazil,,nan,anglo_american,1.0,1.0,uk,major,major,yes,nan,copper_gold,greenfield,anglo_american,fwdjxi
vermelho,mining,brazil,,nan,horizonte_minerals,1.0,1.0,uk,junior_exploration,junior_exploration,yes,nan,cobalt_nickel,full_asset_transaction,horizonte_minerals,ivhx0q
veta_islay,mining,peru,,nan,compania_minera_volcan,1.0,1.0,peru,junior_exploration,junior_exploration,yes,nan,copper_lead_silver_zinc,greenfield,compania_minera_volcan,i5du8u
volta_grande,mining,brazil,,nan,belo_sun_mining,1.0,1.0,canada,small_to_midtier_producer,small_to_midtier_producer,yes,investment_bank_commercial_bank_holding_company_investment_bank_investment_bank,gold,greenfield,belo_sun_mining,mgtlhi
warintza,mining,ecuador,,nan,solaris_resources,1.0,1.0,canada,junior_exploration,junior_exploration,yes,nan,copper_molybdenum,mergeracquisition,solaris_resources,frhheb
wynamu,mining,guyana,,nan,guyana_goldfields,1.0,1.0,china,soe,stateowned_enterprise,yes,nan,gold,greenfield,guyana_goldfields,ztqwje
